p,n,m,replicate,seed,expected_instance_file
5,10,10,1,105101001,P05_N010_M010_R01_seed105101001.npz
5,10,10,2,105101002,P05_N010_M010_R02_seed105101002.npz
5,10,10,3,105101003,P05_N010_M010_R03_seed105101003.npz
5,10,10,4,105101004,P05_N010_M010_R04_seed105101004.npz
5,10,10,5,105101005,P05_N010_M010_R05_seed105101005.npz
5,10,10,6,105101006,P05_N010_M010_R06_seed105101006.npz
5,10,10,7,105101007,P05_N010_M010_R07_seed105101007.npz
5,10,10,8,105101008,P05_N010_M010_R08_seed105101008.npz
5,10,10,9,105101009,P05_N010_M010_R09_seed105101009.npz
5,10,10,10,105101010,P05_N010_M010_R10_seed105101010.npz
5,10,10,11,105101011,P05_N010_M010_R11_seed105101011.npz
5,10,10,12,105101012,P05_N010_M010_R12_seed105101012.npz
5,10,10,13,105101013,P05_N010_M010_R13_seed105101013.npz
5,10,10,14,105101014,P05_N010_M010_R14_seed105101014.npz
5,10,10,15,105101015,P05_N010_M010_R15_seed105101015.npz
5,10,10,16,105101016,P05_N010_M010_R16_seed105101016.npz
5,10,10,17,105101017,P05_N010_M010_R17_seed105101017.npz
5,10,10,18,105101018,P05_N010_M010_R18_seed105101018.npz
5,10,10,19,105101019,P05_N010_M010_R19_seed105101019.npz
5,10,10,20,105101020,P05_N010_M010_R20_seed105101020.npz
5,10,10,21,105101021,P05_N010_M010_R21_seed105101021.npz
5,10,10,22,105101022,P05_N010_M010_R22_seed105101022.npz
5,10,10,23,105101023,P05_N010_M010_R23_seed105101023.npz
5,10,10,24,105101024,P05_N010_M010_R24_seed105101024.npz
5,10,10,25,105101025,P05_N010_M010_R25_seed105101025.npz
5,10,10,26,105101026,P05_N010_M010_R26_seed105101026.npz
5,10,10,27,105101027,P05_N010_M010_R27_seed105101027.npz
5,10,10,28,105101028,P05_N010_M010_R28_seed105101028.npz
5,10,10,29,105101029,P05_N010_M010_R29_seed105101029.npz
5,10,10,30,105101030,P05_N010_M010_R30_seed105101030.npz
5,10,20,1,105102001,P05_N010_M020_R01_seed105102001.npz
5,10,20,2,105102002,P05_N010_M020_R02_seed105102002.npz
5,10,20,3,105102003,P05_N010_M020_R03_seed105102003.npz
5,10,20,4,105102004,P05_N010_M020_R04_seed105102004.npz
5,10,20,5,105102005,P05_N010_M020_R05_seed105102005.npz
5,10,20,6,105102006,P05_N010_M020_R06_seed105102006.npz
5,10,20,7,105102007,P05_N010_M020_R07_seed105102007.npz
5,10,20,8,105102008,P05_N010_M020_R08_seed105102008.npz
5,10,20,9,105102009,P05_N010_M020_R09_seed105102009.npz
5,10,20,10,105102010,P05_N010_M020_R10_seed105102010.npz
5,10,20,11,105102011,P05_N010_M020_R11_seed105102011.npz
5,10,20,12,105102012,P05_N010_M020_R12_seed105102012.npz
5,10,20,13,105102013,P05_N010_M020_R13_seed105102013.npz
5,10,20,14,105102014,P05_N010_M020_R14_seed105102014.npz
5,10,20,15,105102015,P05_N010_M020_R15_seed105102015.npz
5,10,20,16,105102016,P05_N010_M020_R16_seed105102016.npz
5,10,20,17,105102017,P05_N010_M020_R17_seed105102017.npz
5,10,20,18,105102018,P05_N010_M020_R18_seed105102018.npz
5,10,20,19,105102019,P05_N010_M020_R19_seed105102019.npz
5,10,20,20,105102020,P05_N010_M020_R20_seed105102020.npz
5,10,20,21,105102021,P05_N010_M020_R21_seed105102021.npz
5,10,20,22,105102022,P05_N010_M020_R22_seed105102022.npz
5,10,20,23,105102023,P05_N010_M020_R23_seed105102023.npz
5,10,20,24,105102024,P05_N010_M020_R24_seed105102024.npz
5,10,20,25,105102025,P05_N010_M020_R25_seed105102025.npz
5,10,20,26,105102026,P05_N010_M020_R26_seed105102026.npz
5,10,20,27,105102027,P05_N010_M020_R27_seed105102027.npz
5,10,20,28,105102028,P05_N010_M020_R28_seed105102028.npz
5,10,20,29,105102029,P05_N010_M020_R29_seed105102029.npz
5,10,20,30,105102030,P05_N010_M020_R30_seed105102030.npz
5,10,30,1,105103001,P05_N010_M030_R01_seed105103001.npz
5,10,30,2,105103002,P05_N010_M030_R02_seed105103002.npz
5,10,30,3,105103003,P05_N010_M030_R03_seed105103003.npz
5,10,30,4,105103004,P05_N010_M030_R04_seed105103004.npz
5,10,30,5,105103005,P05_N010_M030_R05_seed105103005.npz
5,10,30,6,105103006,P05_N010_M030_R06_seed105103006.npz
5,10,30,7,105103007,P05_N010_M030_R07_seed105103007.npz
5,10,30,8,105103008,P05_N010_M030_R08_seed105103008.npz
5,10,30,9,105103009,P05_N010_M030_R09_seed105103009.npz
5,10,30,10,105103010,P05_N010_M030_R10_seed105103010.npz
5,10,30,11,105103011,P05_N010_M030_R11_seed105103011.npz
5,10,30,12,105103012,P05_N010_M030_R12_seed105103012.npz
5,10,30,13,105103013,P05_N010_M030_R13_seed105103013.npz
5,10,30,14,105103014,P05_N010_M030_R14_seed105103014.npz
5,10,30,15,105103015,P05_N010_M030_R15_seed105103015.npz
5,10,30,16,105103016,P05_N010_M030_R16_seed105103016.npz
5,10,30,17,105103017,P05_N010_M030_R17_seed105103017.npz
5,10,30,18,105103018,P05_N010_M030_R18_seed105103018.npz
5,10,30,19,105103019,P05_N010_M030_R19_seed105103019.npz
5,10,30,20,105103020,P05_N010_M030_R20_seed105103020.npz
5,10,30,21,105103021,P05_N010_M030_R21_seed105103021.npz
5,10,30,22,105103022,P05_N010_M030_R22_seed105103022.npz
5,10,30,23,105103023,P05_N010_M030_R23_seed105103023.npz
5,10,30,24,105103024,P05_N010_M030_R24_seed105103024.npz
5,10,30,25,105103025,P05_N010_M030_R25_seed105103025.npz
5,10,30,26,105103026,P05_N010_M030_R26_seed105103026.npz
5,10,30,27,105103027,P05_N010_M030_R27_seed105103027.npz
5,10,30,28,105103028,P05_N010_M030_R28_seed105103028.npz
5,10,30,29,105103029,P05_N010_M030_R29_seed105103029.npz
5,10,30,30,105103030,P05_N010_M030_R30_seed105103030.npz
5,10,50,1,105105001,P05_N010_M050_R01_seed105105001.npz
5,10,50,2,105105002,P05_N010_M050_R02_seed105105002.npz
5,10,50,3,105105003,P05_N010_M050_R03_seed105105003.npz
5,10,50,4,105105004,P05_N010_M050_R04_seed105105004.npz
5,10,50,5,105105005,P05_N010_M050_R05_seed105105005.npz
5,10,50,6,105105006,P05_N010_M050_R06_seed105105006.npz
5,10,50,7,105105007,P05_N010_M050_R07_seed105105007.npz
5,10,50,8,105105008,P05_N010_M050_R08_seed105105008.npz
5,10,50,9,105105009,P05_N010_M050_R09_seed105105009.npz
5,10,50,10,105105010,P05_N010_M050_R10_seed105105010.npz
5,10,50,11,105105011,P05_N010_M050_R11_seed105105011.npz
5,10,50,12,105105012,P05_N010_M050_R12_seed105105012.npz
5,10,50,13,105105013,P05_N010_M050_R13_seed105105013.npz
5,10,50,14,105105014,P05_N010_M050_R14_seed105105014.npz
5,10,50,15,105105015,P05_N010_M050_R15_seed105105015.npz
5,10,50,16,105105016,P05_N010_M050_R16_seed105105016.npz
5,10,50,17,105105017,P05_N010_M050_R17_seed105105017.npz
5,10,50,18,105105018,P05_N010_M050_R18_seed105105018.npz
5,10,50,19,105105019,P05_N010_M050_R19_seed105105019.npz
5,10,50,20,105105020,P05_N010_M050_R20_seed105105020.npz
5,10,50,21,105105021,P05_N010_M050_R21_seed105105021.npz
5,10,50,22,105105022,P05_N010_M050_R22_seed105105022.npz
5,10,50,23,105105023,P05_N010_M050_R23_seed105105023.npz
5,10,50,24,105105024,P05_N010_M050_R24_seed105105024.npz
5,10,50,25,105105025,P05_N010_M050_R25_seed105105025.npz
5,10,50,26,105105026,P05_N010_M050_R26_seed105105026.npz
5,10,50,27,105105027,P05_N010_M050_R27_seed105105027.npz
5,10,50,28,105105028,P05_N010_M050_R28_seed105105028.npz
5,10,50,29,105105029,P05_N010_M050_R29_seed105105029.npz
5,10,50,30,105105030,P05_N010_M050_R30_seed105105030.npz
5,20,10,1,105201001,P05_N020_M010_R01_seed105201001.npz
5,20,10,2,105201002,P05_N020_M010_R02_seed105201002.npz
5,20,10,3,105201003,P05_N020_M010_R03_seed105201003.npz
5,20,10,4,105201004,P05_N020_M010_R04_seed105201004.npz
5,20,10,5,105201005,P05_N020_M010_R05_seed105201005.npz
5,20,10,6,105201006,P05_N020_M010_R06_seed105201006.npz
5,20,10,7,105201007,P05_N020_M010_R07_seed105201007.npz
5,20,10,8,105201008,P05_N020_M010_R08_seed105201008.npz
5,20,10,9,105201009,P05_N020_M010_R09_seed105201009.npz
5,20,10,10,105201010,P05_N020_M010_R10_seed105201010.npz
5,20,10,11,105201011,P05_N020_M010_R11_seed105201011.npz
5,20,10,12,105201012,P05_N020_M010_R12_seed105201012.npz
5,20,10,13,105201013,P05_N020_M010_R13_seed105201013.npz
5,20,10,14,105201014,P05_N020_M010_R14_seed105201014.npz
5,20,10,15,105201015,P05_N020_M010_R15_seed105201015.npz
5,20,10,16,105201016,P05_N020_M010_R16_seed105201016.npz
5,20,10,17,105201017,P05_N020_M010_R17_seed105201017.npz
5,20,10,18,105201018,P05_N020_M010_R18_seed105201018.npz
5,20,10,19,105201019,P05_N020_M010_R19_seed105201019.npz
5,20,10,20,105201020,P05_N020_M010_R20_seed105201020.npz
5,20,10,21,105201021,P05_N020_M010_R21_seed105201021.npz
5,20,10,22,105201022,P05_N020_M010_R22_seed105201022.npz
5,20,10,23,105201023,P05_N020_M010_R23_seed105201023.npz
5,20,10,24,105201024,P05_N020_M010_R24_seed105201024.npz
5,20,10,25,105201025,P05_N020_M010_R25_seed105201025.npz
5,20,10,26,105201026,P05_N020_M010_R26_seed105201026.npz
5,20,10,27,105201027,P05_N020_M010_R27_seed105201027.npz
5,20,10,28,105201028,P05_N020_M010_R28_seed105201028.npz
5,20,10,29,105201029,P05_N020_M010_R29_seed105201029.npz
5,20,10,30,105201030,P05_N020_M010_R30_seed105201030.npz
5,20,20,1,105202001,P05_N020_M020_R01_seed105202001.npz
5,20,20,2,105202002,P05_N020_M020_R02_seed105202002.npz
5,20,20,3,105202003,P05_N020_M020_R03_seed105202003.npz
5,20,20,4,105202004,P05_N020_M020_R04_seed105202004.npz
5,20,20,5,105202005,P05_N020_M020_R05_seed105202005.npz
5,20,20,6,105202006,P05_N020_M020_R06_seed105202006.npz
5,20,20,7,105202007,P05_N020_M020_R07_seed105202007.npz
5,20,20,8,105202008,P05_N020_M020_R08_seed105202008.npz
5,20,20,9,105202009,P05_N020_M020_R09_seed105202009.npz
5,20,20,10,105202010,P05_N020_M020_R10_seed105202010.npz
5,20,20,11,105202011,P05_N020_M020_R11_seed105202011.npz
5,20,20,12,105202012,P05_N020_M020_R12_seed105202012.npz
5,20,20,13,105202013,P05_N020_M020_R13_seed105202013.npz
5,20,20,14,105202014,P05_N020_M020_R14_seed105202014.npz
5,20,20,15,105202015,P05_N020_M020_R15_seed105202015.npz
5,20,20,16,105202016,P05_N020_M020_R16_seed105202016.npz
5,20,20,17,105202017,P05_N020_M020_R17_seed105202017.npz
5,20,20,18,105202018,P05_N020_M020_R18_seed105202018.npz
5,20,20,19,105202019,P05_N020_M020_R19_seed105202019.npz
5,20,20,20,105202020,P05_N020_M020_R20_seed105202020.npz
5,20,20,21,105202021,P05_N020_M020_R21_seed105202021.npz
5,20,20,22,105202022,P05_N020_M020_R22_seed105202022.npz
5,20,20,23,105202023,P05_N020_M020_R23_seed105202023.npz
5,20,20,24,105202024,P05_N020_M020_R24_seed105202024.npz
5,20,20,25,105202025,P05_N020_M020_R25_seed105202025.npz
5,20,20,26,105202026,P05_N020_M020_R26_seed105202026.npz
5,20,20,27,105202027,P05_N020_M020_R27_seed105202027.npz
5,20,20,28,105202028,P05_N020_M020_R28_seed105202028.npz
5,20,20,29,105202029,P05_N020_M020_R29_seed105202029.npz
5,20,20,30,105202030,P05_N020_M020_R30_seed105202030.npz
5,20,30,1,105203001,P05_N020_M030_R01_seed105203001.npz
5,20,30,2,105203002,P05_N020_M030_R02_seed105203002.npz
5,20,30,3,105203003,P05_N020_M030_R03_seed105203003.npz
5,20,30,4,105203004,P05_N020_M030_R04_seed105203004.npz
5,20,30,5,105203005,P05_N020_M030_R05_seed105203005.npz
5,20,30,6,105203006,P05_N020_M030_R06_seed105203006.npz
5,20,30,7,105203007,P05_N020_M030_R07_seed105203007.npz
5,20,30,8,105203008,P05_N020_M030_R08_seed105203008.npz
5,20,30,9,105203009,P05_N020_M030_R09_seed105203009.npz
5,20,30,10,105203010,P05_N020_M030_R10_seed105203010.npz
5,20,30,11,105203011,P05_N020_M030_R11_seed105203011.npz
5,20,30,12,105203012,P05_N020_M030_R12_seed105203012.npz
5,20,30,13,105203013,P05_N020_M030_R13_seed105203013.npz
5,20,30,14,105203014,P05_N020_M030_R14_seed105203014.npz
5,20,30,15,105203015,P05_N020_M030_R15_seed105203015.npz
5,20,30,16,105203016,P05_N020_M030_R16_seed105203016.npz
5,20,30,17,105203017,P05_N020_M030_R17_seed105203017.npz
5,20,30,18,105203018,P05_N020_M030_R18_seed105203018.npz
5,20,30,19,105203019,P05_N020_M030_R19_seed105203019.npz
5,20,30,20,105203020,P05_N020_M030_R20_seed105203020.npz
5,20,30,21,105203021,P05_N020_M030_R21_seed105203021.npz
5,20,30,22,105203022,P05_N020_M030_R22_seed105203022.npz
5,20,30,23,105203023,P05_N020_M030_R23_seed105203023.npz
5,20,30,24,105203024,P05_N020_M030_R24_seed105203024.npz
5,20,30,25,105203025,P05_N020_M030_R25_seed105203025.npz
5,20,30,26,105203026,P05_N020_M030_R26_seed105203026.npz
5,20,30,27,105203027,P05_N020_M030_R27_seed105203027.npz
5,20,30,28,105203028,P05_N020_M030_R28_seed105203028.npz
5,20,30,29,105203029,P05_N020_M030_R29_seed105203029.npz
5,20,30,30,105203030,P05_N020_M030_R30_seed105203030.npz
5,20,50,1,105205001,P05_N020_M050_R01_seed105205001.npz
5,20,50,2,105205002,P05_N020_M050_R02_seed105205002.npz
5,20,50,3,105205003,P05_N020_M050_R03_seed105205003.npz
5,20,50,4,105205004,P05_N020_M050_R04_seed105205004.npz
5,20,50,5,105205005,P05_N020_M050_R05_seed105205005.npz
5,20,50,6,105205006,P05_N020_M050_R06_seed105205006.npz
5,20,50,7,105205007,P05_N020_M050_R07_seed105205007.npz
5,20,50,8,105205008,P05_N020_M050_R08_seed105205008.npz
5,20,50,9,105205009,P05_N020_M050_R09_seed105205009.npz
5,20,50,10,105205010,P05_N020_M050_R10_seed105205010.npz
5,20,50,11,105205011,P05_N020_M050_R11_seed105205011.npz
5,20,50,12,105205012,P05_N020_M050_R12_seed105205012.npz
5,20,50,13,105205013,P05_N020_M050_R13_seed105205013.npz
5,20,50,14,105205014,P05_N020_M050_R14_seed105205014.npz
5,20,50,15,105205015,P05_N020_M050_R15_seed105205015.npz
5,20,50,16,105205016,P05_N020_M050_R16_seed105205016.npz
5,20,50,17,105205017,P05_N020_M050_R17_seed105205017.npz
5,20,50,18,105205018,P05_N020_M050_R18_seed105205018.npz
5,20,50,19,105205019,P05_N020_M050_R19_seed105205019.npz
5,20,50,20,105205020,P05_N020_M050_R20_seed105205020.npz
5,20,50,21,105205021,P05_N020_M050_R21_seed105205021.npz
5,20,50,22,105205022,P05_N020_M050_R22_seed105205022.npz
5,20,50,23,105205023,P05_N020_M050_R23_seed105205023.npz
5,20,50,24,105205024,P05_N020_M050_R24_seed105205024.npz
5,20,50,25,105205025,P05_N020_M050_R25_seed105205025.npz
5,20,50,26,105205026,P05_N020_M050_R26_seed105205026.npz
5,20,50,27,105205027,P05_N020_M050_R27_seed105205027.npz
5,20,50,28,105205028,P05_N020_M050_R28_seed105205028.npz
5,20,50,29,105205029,P05_N020_M050_R29_seed105205029.npz
5,20,50,30,105205030,P05_N020_M050_R30_seed105205030.npz
5,50,10,1,105501001,P05_N050_M010_R01_seed105501001.npz
5,50,10,2,105501002,P05_N050_M010_R02_seed105501002.npz
5,50,10,3,105501003,P05_N050_M010_R03_seed105501003.npz
5,50,10,4,105501004,P05_N050_M010_R04_seed105501004.npz
5,50,10,5,105501005,P05_N050_M010_R05_seed105501005.npz
5,50,10,6,105501006,P05_N050_M010_R06_seed105501006.npz
5,50,10,7,105501007,P05_N050_M010_R07_seed105501007.npz
5,50,10,8,105501008,P05_N050_M010_R08_seed105501008.npz
5,50,10,9,105501009,P05_N050_M010_R09_seed105501009.npz
5,50,10,10,105501010,P05_N050_M010_R10_seed105501010.npz
5,50,10,11,105501011,P05_N050_M010_R11_seed105501011.npz
5,50,10,12,105501012,P05_N050_M010_R12_seed105501012.npz
5,50,10,13,105501013,P05_N050_M010_R13_seed105501013.npz
5,50,10,14,105501014,P05_N050_M010_R14_seed105501014.npz
5,50,10,15,105501015,P05_N050_M010_R15_seed105501015.npz
5,50,10,16,105501016,P05_N050_M010_R16_seed105501016.npz
5,50,10,17,105501017,P05_N050_M010_R17_seed105501017.npz
5,50,10,18,105501018,P05_N050_M010_R18_seed105501018.npz
5,50,10,19,105501019,P05_N050_M010_R19_seed105501019.npz
5,50,10,20,105501020,P05_N050_M010_R20_seed105501020.npz
5,50,10,21,105501021,P05_N050_M010_R21_seed105501021.npz
5,50,10,22,105501022,P05_N050_M010_R22_seed105501022.npz
5,50,10,23,105501023,P05_N050_M010_R23_seed105501023.npz
5,50,10,24,105501024,P05_N050_M010_R24_seed105501024.npz
5,50,10,25,105501025,P05_N050_M010_R25_seed105501025.npz
5,50,10,26,105501026,P05_N050_M010_R26_seed105501026.npz
5,50,10,27,105501027,P05_N050_M010_R27_seed105501027.npz
5,50,10,28,105501028,P05_N050_M010_R28_seed105501028.npz
5,50,10,29,105501029,P05_N050_M010_R29_seed105501029.npz
5,50,10,30,105501030,P05_N050_M010_R30_seed105501030.npz
5,50,20,1,105502001,P05_N050_M020_R01_seed105502001.npz
5,50,20,2,105502002,P05_N050_M020_R02_seed105502002.npz
5,50,20,3,105502003,P05_N050_M020_R03_seed105502003.npz
5,50,20,4,105502004,P05_N050_M020_R04_seed105502004.npz
5,50,20,5,105502005,P05_N050_M020_R05_seed105502005.npz
5,50,20,6,105502006,P05_N050_M020_R06_seed105502006.npz
5,50,20,7,105502007,P05_N050_M020_R07_seed105502007.npz
5,50,20,8,105502008,P05_N050_M020_R08_seed105502008.npz
5,50,20,9,105502009,P05_N050_M020_R09_seed105502009.npz
5,50,20,10,105502010,P05_N050_M020_R10_seed105502010.npz
5,50,20,11,105502011,P05_N050_M020_R11_seed105502011.npz
5,50,20,12,105502012,P05_N050_M020_R12_seed105502012.npz
5,50,20,13,105502013,P05_N050_M020_R13_seed105502013.npz
5,50,20,14,105502014,P05_N050_M020_R14_seed105502014.npz
5,50,20,15,105502015,P05_N050_M020_R15_seed105502015.npz
5,50,20,16,105502016,P05_N050_M020_R16_seed105502016.npz
5,50,20,17,105502017,P05_N050_M020_R17_seed105502017.npz
5,50,20,18,105502018,P05_N050_M020_R18_seed105502018.npz
5,50,20,19,105502019,P05_N050_M020_R19_seed105502019.npz
5,50,20,20,105502020,P05_N050_M020_R20_seed105502020.npz
5,50,20,21,105502021,P05_N050_M020_R21_seed105502021.npz
5,50,20,22,105502022,P05_N050_M020_R22_seed105502022.npz
5,50,20,23,105502023,P05_N050_M020_R23_seed105502023.npz
5,50,20,24,105502024,P05_N050_M020_R24_seed105502024.npz
5,50,20,25,105502025,P05_N050_M020_R25_seed105502025.npz
5,50,20,26,105502026,P05_N050_M020_R26_seed105502026.npz
5,50,20,27,105502027,P05_N050_M020_R27_seed105502027.npz
5,50,20,28,105502028,P05_N050_M020_R28_seed105502028.npz
5,50,20,29,105502029,P05_N050_M020_R29_seed105502029.npz
5,50,20,30,105502030,P05_N050_M020_R30_seed105502030.npz
5,50,30,1,105503001,P05_N050_M030_R01_seed105503001.npz
5,50,30,2,105503002,P05_N050_M030_R02_seed105503002.npz
5,50,30,3,105503003,P05_N050_M030_R03_seed105503003.npz
5,50,30,4,105503004,P05_N050_M030_R04_seed105503004.npz
5,50,30,5,105503005,P05_N050_M030_R05_seed105503005.npz
5,50,30,6,105503006,P05_N050_M030_R06_seed105503006.npz
5,50,30,7,105503007,P05_N050_M030_R07_seed105503007.npz
5,50,30,8,105503008,P05_N050_M030_R08_seed105503008.npz
5,50,30,9,105503009,P05_N050_M030_R09_seed105503009.npz
5,50,30,10,105503010,P05_N050_M030_R10_seed105503010.npz
5,50,30,11,105503011,P05_N050_M030_R11_seed105503011.npz
5,50,30,12,105503012,P05_N050_M030_R12_seed105503012.npz
5,50,30,13,105503013,P05_N050_M030_R13_seed105503013.npz
5,50,30,14,105503014,P05_N050_M030_R14_seed105503014.npz
5,50,30,15,105503015,P05_N050_M030_R15_seed105503015.npz
5,50,30,16,105503016,P05_N050_M030_R16_seed105503016.npz
5,50,30,17,105503017,P05_N050_M030_R17_seed105503017.npz
5,50,30,18,105503018,P05_N050_M030_R18_seed105503018.npz
5,50,30,19,105503019,P05_N050_M030_R19_seed105503019.npz
5,50,30,20,105503020,P05_N050_M030_R20_seed105503020.npz
5,50,30,21,105503021,P05_N050_M030_R21_seed105503021.npz
5,50,30,22,105503022,P05_N050_M030_R22_seed105503022.npz
5,50,30,23,105503023,P05_N050_M030_R23_seed105503023.npz
5,50,30,24,105503024,P05_N050_M030_R24_seed105503024.npz
5,50,30,25,105503025,P05_N050_M030_R25_seed105503025.npz
5,50,30,26,105503026,P05_N050_M030_R26_seed105503026.npz
5,50,30,27,105503027,P05_N050_M030_R27_seed105503027.npz
5,50,30,28,105503028,P05_N050_M030_R28_seed105503028.npz
5,50,30,29,105503029,P05_N050_M030_R29_seed105503029.npz
5,50,30,30,105503030,P05_N050_M030_R30_seed105503030.npz
5,50,50,1,105505001,P05_N050_M050_R01_seed105505001.npz
5,50,50,2,105505002,P05_N050_M050_R02_seed105505002.npz
5,50,50,3,105505003,P05_N050_M050_R03_seed105505003.npz
5,50,50,4,105505004,P05_N050_M050_R04_seed105505004.npz
5,50,50,5,105505005,P05_N050_M050_R05_seed105505005.npz
5,50,50,6,105505006,P05_N050_M050_R06_seed105505006.npz
5,50,50,7,105505007,P05_N050_M050_R07_seed105505007.npz
5,50,50,8,105505008,P05_N050_M050_R08_seed105505008.npz
5,50,50,9,105505009,P05_N050_M050_R09_seed105505009.npz
5,50,50,10,105505010,P05_N050_M050_R10_seed105505010.npz
5,50,50,11,105505011,P05_N050_M050_R11_seed105505011.npz
5,50,50,12,105505012,P05_N050_M050_R12_seed105505012.npz
5,50,50,13,105505013,P05_N050_M050_R13_seed105505013.npz
5,50,50,14,105505014,P05_N050_M050_R14_seed105505014.npz
5,50,50,15,105505015,P05_N050_M050_R15_seed105505015.npz
5,50,50,16,105505016,P05_N050_M050_R16_seed105505016.npz
5,50,50,17,105505017,P05_N050_M050_R17_seed105505017.npz
5,50,50,18,105505018,P05_N050_M050_R18_seed105505018.npz
5,50,50,19,105505019,P05_N050_M050_R19_seed105505019.npz
5,50,50,20,105505020,P05_N050_M050_R20_seed105505020.npz
5,50,50,21,105505021,P05_N050_M050_R21_seed105505021.npz
5,50,50,22,105505022,P05_N050_M050_R22_seed105505022.npz
5,50,50,23,105505023,P05_N050_M050_R23_seed105505023.npz
5,50,50,24,105505024,P05_N050_M050_R24_seed105505024.npz
5,50,50,25,105505025,P05_N050_M050_R25_seed105505025.npz
5,50,50,26,105505026,P05_N050_M050_R26_seed105505026.npz
5,50,50,27,105505027,P05_N050_M050_R27_seed105505027.npz
5,50,50,28,105505028,P05_N050_M050_R28_seed105505028.npz
5,50,50,29,105505029,P05_N050_M050_R29_seed105505029.npz
5,50,50,30,105505030,P05_N050_M050_R30_seed105505030.npz
10,10,10,1,110101001,P10_N010_M010_R01_seed110101001.npz
10,10,10,2,110101002,P10_N010_M010_R02_seed110101002.npz
10,10,10,3,110101003,P10_N010_M010_R03_seed110101003.npz
10,10,10,4,110101004,P10_N010_M010_R04_seed110101004.npz
10,10,10,5,110101005,P10_N010_M010_R05_seed110101005.npz
10,10,10,6,110101006,P10_N010_M010_R06_seed110101006.npz
10,10,10,7,110101007,P10_N010_M010_R07_seed110101007.npz
10,10,10,8,110101008,P10_N010_M010_R08_seed110101008.npz
10,10,10,9,110101009,P10_N010_M010_R09_seed110101009.npz
10,10,10,10,110101010,P10_N010_M010_R10_seed110101010.npz
10,10,10,11,110101011,P10_N010_M010_R11_seed110101011.npz
10,10,10,12,110101012,P10_N010_M010_R12_seed110101012.npz
10,10,10,13,110101013,P10_N010_M010_R13_seed110101013.npz
10,10,10,14,110101014,P10_N010_M010_R14_seed110101014.npz
10,10,10,15,110101015,P10_N010_M010_R15_seed110101015.npz
10,10,10,16,110101016,P10_N010_M010_R16_seed110101016.npz
10,10,10,17,110101017,P10_N010_M010_R17_seed110101017.npz
10,10,10,18,110101018,P10_N010_M010_R18_seed110101018.npz
10,10,10,19,110101019,P10_N010_M010_R19_seed110101019.npz
10,10,10,20,110101020,P10_N010_M010_R20_seed110101020.npz
10,10,10,21,110101021,P10_N010_M010_R21_seed110101021.npz
10,10,10,22,110101022,P10_N010_M010_R22_seed110101022.npz
10,10,10,23,110101023,P10_N010_M010_R23_seed110101023.npz
10,10,10,24,110101024,P10_N010_M010_R24_seed110101024.npz
10,10,10,25,110101025,P10_N010_M010_R25_seed110101025.npz
10,10,10,26,110101026,P10_N010_M010_R26_seed110101026.npz
10,10,10,27,110101027,P10_N010_M010_R27_seed110101027.npz
10,10,10,28,110101028,P10_N010_M010_R28_seed110101028.npz
10,10,10,29,110101029,P10_N010_M010_R29_seed110101029.npz
10,10,10,30,110101030,P10_N010_M010_R30_seed110101030.npz
10,10,20,1,110102001,P10_N010_M020_R01_seed110102001.npz
10,10,20,2,110102002,P10_N010_M020_R02_seed110102002.npz
10,10,20,3,110102003,P10_N010_M020_R03_seed110102003.npz
10,10,20,4,110102004,P10_N010_M020_R04_seed110102004.npz
10,10,20,5,110102005,P10_N010_M020_R05_seed110102005.npz
10,10,20,6,110102006,P10_N010_M020_R06_seed110102006.npz
10,10,20,7,110102007,P10_N010_M020_R07_seed110102007.npz
10,10,20,8,110102008,P10_N010_M020_R08_seed110102008.npz
10,10,20,9,110102009,P10_N010_M020_R09_seed110102009.npz
10,10,20,10,110102010,P10_N010_M020_R10_seed110102010.npz
10,10,20,11,110102011,P10_N010_M020_R11_seed110102011.npz
10,10,20,12,110102012,P10_N010_M020_R12_seed110102012.npz
10,10,20,13,110102013,P10_N010_M020_R13_seed110102013.npz
10,10,20,14,110102014,P10_N010_M020_R14_seed110102014.npz
10,10,20,15,110102015,P10_N010_M020_R15_seed110102015.npz
10,10,20,16,110102016,P10_N010_M020_R16_seed110102016.npz
10,10,20,17,110102017,P10_N010_M020_R17_seed110102017.npz
10,10,20,18,110102018,P10_N010_M020_R18_seed110102018.npz
10,10,20,19,110102019,P10_N010_M020_R19_seed110102019.npz
10,10,20,20,110102020,P10_N010_M020_R20_seed110102020.npz
10,10,20,21,110102021,P10_N010_M020_R21_seed110102021.npz
10,10,20,22,110102022,P10_N010_M020_R22_seed110102022.npz
10,10,20,23,110102023,P10_N010_M020_R23_seed110102023.npz
10,10,20,24,110102024,P10_N010_M020_R24_seed110102024.npz
10,10,20,25,110102025,P10_N010_M020_R25_seed110102025.npz
10,10,20,26,110102026,P10_N010_M020_R26_seed110102026.npz
10,10,20,27,110102027,P10_N010_M020_R27_seed110102027.npz
10,10,20,28,110102028,P10_N010_M020_R28_seed110102028.npz
10,10,20,29,110102029,P10_N010_M020_R29_seed110102029.npz
10,10,20,30,110102030,P10_N010_M020_R30_seed110102030.npz
10,10,30,1,110103001,P10_N010_M030_R01_seed110103001.npz
10,10,30,2,110103002,P10_N010_M030_R02_seed110103002.npz
10,10,30,3,110103003,P10_N010_M030_R03_seed110103003.npz
10,10,30,4,110103004,P10_N010_M030_R04_seed110103004.npz
10,10,30,5,110103005,P10_N010_M030_R05_seed110103005.npz
10,10,30,6,110103006,P10_N010_M030_R06_seed110103006.npz
10,10,30,7,110103007,P10_N010_M030_R07_seed110103007.npz
10,10,30,8,110103008,P10_N010_M030_R08_seed110103008.npz
10,10,30,9,110103009,P10_N010_M030_R09_seed110103009.npz
10,10,30,10,110103010,P10_N010_M030_R10_seed110103010.npz
10,10,30,11,110103011,P10_N010_M030_R11_seed110103011.npz
10,10,30,12,110103012,P10_N010_M030_R12_seed110103012.npz
10,10,30,13,110103013,P10_N010_M030_R13_seed110103013.npz
10,10,30,14,110103014,P10_N010_M030_R14_seed110103014.npz
10,10,30,15,110103015,P10_N010_M030_R15_seed110103015.npz
10,10,30,16,110103016,P10_N010_M030_R16_seed110103016.npz
10,10,30,17,110103017,P10_N010_M030_R17_seed110103017.npz
10,10,30,18,110103018,P10_N010_M030_R18_seed110103018.npz
10,10,30,19,110103019,P10_N010_M030_R19_seed110103019.npz
10,10,30,20,110103020,P10_N010_M030_R20_seed110103020.npz
10,10,30,21,110103021,P10_N010_M030_R21_seed110103021.npz
10,10,30,22,110103022,P10_N010_M030_R22_seed110103022.npz
10,10,30,23,110103023,P10_N010_M030_R23_seed110103023.npz
10,10,30,24,110103024,P10_N010_M030_R24_seed110103024.npz
10,10,30,25,110103025,P10_N010_M030_R25_seed110103025.npz
10,10,30,26,110103026,P10_N010_M030_R26_seed110103026.npz
10,10,30,27,110103027,P10_N010_M030_R27_seed110103027.npz
10,10,30,28,110103028,P10_N010_M030_R28_seed110103028.npz
10,10,30,29,110103029,P10_N010_M030_R29_seed110103029.npz
10,10,30,30,110103030,P10_N010_M030_R30_seed110103030.npz
10,10,50,1,110105001,P10_N010_M050_R01_seed110105001.npz
10,10,50,2,110105002,P10_N010_M050_R02_seed110105002.npz
10,10,50,3,110105003,P10_N010_M050_R03_seed110105003.npz
10,10,50,4,110105004,P10_N010_M050_R04_seed110105004.npz
10,10,50,5,110105005,P10_N010_M050_R05_seed110105005.npz
10,10,50,6,110105006,P10_N010_M050_R06_seed110105006.npz
10,10,50,7,110105007,P10_N010_M050_R07_seed110105007.npz
10,10,50,8,110105008,P10_N010_M050_R08_seed110105008.npz
10,10,50,9,110105009,P10_N010_M050_R09_seed110105009.npz
10,10,50,10,110105010,P10_N010_M050_R10_seed110105010.npz
10,10,50,11,110105011,P10_N010_M050_R11_seed110105011.npz
10,10,50,12,110105012,P10_N010_M050_R12_seed110105012.npz
10,10,50,13,110105013,P10_N010_M050_R13_seed110105013.npz
10,10,50,14,110105014,P10_N010_M050_R14_seed110105014.npz
10,10,50,15,110105015,P10_N010_M050_R15_seed110105015.npz
10,10,50,16,110105016,P10_N010_M050_R16_seed110105016.npz
10,10,50,17,110105017,P10_N010_M050_R17_seed110105017.npz
10,10,50,18,110105018,P10_N010_M050_R18_seed110105018.npz
10,10,50,19,110105019,P10_N010_M050_R19_seed110105019.npz
10,10,50,20,110105020,P10_N010_M050_R20_seed110105020.npz
10,10,50,21,110105021,P10_N010_M050_R21_seed110105021.npz
10,10,50,22,110105022,P10_N010_M050_R22_seed110105022.npz
10,10,50,23,110105023,P10_N010_M050_R23_seed110105023.npz
10,10,50,24,110105024,P10_N010_M050_R24_seed110105024.npz
10,10,50,25,110105025,P10_N010_M050_R25_seed110105025.npz
10,10,50,26,110105026,P10_N010_M050_R26_seed110105026.npz
10,10,50,27,110105027,P10_N010_M050_R27_seed110105027.npz
10,10,50,28,110105028,P10_N010_M050_R28_seed110105028.npz
10,10,50,29,110105029,P10_N010_M050_R29_seed110105029.npz
10,10,50,30,110105030,P10_N010_M050_R30_seed110105030.npz
10,20,10,1,110201001,P10_N020_M010_R01_seed110201001.npz
10,20,10,2,110201002,P10_N020_M010_R02_seed110201002.npz
10,20,10,3,110201003,P10_N020_M010_R03_seed110201003.npz
10,20,10,4,110201004,P10_N020_M010_R04_seed110201004.npz
10,20,10,5,110201005,P10_N020_M010_R05_seed110201005.npz
10,20,10,6,110201006,P10_N020_M010_R06_seed110201006.npz
10,20,10,7,110201007,P10_N020_M010_R07_seed110201007.npz
10,20,10,8,110201008,P10_N020_M010_R08_seed110201008.npz
10,20,10,9,110201009,P10_N020_M010_R09_seed110201009.npz
10,20,10,10,110201010,P10_N020_M010_R10_seed110201010.npz
10,20,10,11,110201011,P10_N020_M010_R11_seed110201011.npz
10,20,10,12,110201012,P10_N020_M010_R12_seed110201012.npz
10,20,10,13,110201013,P10_N020_M010_R13_seed110201013.npz
10,20,10,14,110201014,P10_N020_M010_R14_seed110201014.npz
10,20,10,15,110201015,P10_N020_M010_R15_seed110201015.npz
10,20,10,16,110201016,P10_N020_M010_R16_seed110201016.npz
10,20,10,17,110201017,P10_N020_M010_R17_seed110201017.npz
10,20,10,18,110201018,P10_N020_M010_R18_seed110201018.npz
10,20,10,19,110201019,P10_N020_M010_R19_seed110201019.npz
10,20,10,20,110201020,P10_N020_M010_R20_seed110201020.npz
10,20,10,21,110201021,P10_N020_M010_R21_seed110201021.npz
10,20,10,22,110201022,P10_N020_M010_R22_seed110201022.npz
10,20,10,23,110201023,P10_N020_M010_R23_seed110201023.npz
10,20,10,24,110201024,P10_N020_M010_R24_seed110201024.npz
10,20,10,25,110201025,P10_N020_M010_R25_seed110201025.npz
10,20,10,26,110201026,P10_N020_M010_R26_seed110201026.npz
10,20,10,27,110201027,P10_N020_M010_R27_seed110201027.npz
10,20,10,28,110201028,P10_N020_M010_R28_seed110201028.npz
10,20,10,29,110201029,P10_N020_M010_R29_seed110201029.npz
10,20,10,30,110201030,P10_N020_M010_R30_seed110201030.npz
10,20,20,1,110202001,P10_N020_M020_R01_seed110202001.npz
10,20,20,2,110202002,P10_N020_M020_R02_seed110202002.npz
10,20,20,3,110202003,P10_N020_M020_R03_seed110202003.npz
10,20,20,4,110202004,P10_N020_M020_R04_seed110202004.npz
10,20,20,5,110202005,P10_N020_M020_R05_seed110202005.npz
10,20,20,6,110202006,P10_N020_M020_R06_seed110202006.npz
10,20,20,7,110202007,P10_N020_M020_R07_seed110202007.npz
10,20,20,8,110202008,P10_N020_M020_R08_seed110202008.npz
10,20,20,9,110202009,P10_N020_M020_R09_seed110202009.npz
10,20,20,10,110202010,P10_N020_M020_R10_seed110202010.npz
10,20,20,11,110202011,P10_N020_M020_R11_seed110202011.npz
10,20,20,12,110202012,P10_N020_M020_R12_seed110202012.npz
10,20,20,13,110202013,P10_N020_M020_R13_seed110202013.npz
10,20,20,14,110202014,P10_N020_M020_R14_seed110202014.npz
10,20,20,15,110202015,P10_N020_M020_R15_seed110202015.npz
10,20,20,16,110202016,P10_N020_M020_R16_seed110202016.npz
10,20,20,17,110202017,P10_N020_M020_R17_seed110202017.npz
10,20,20,18,110202018,P10_N020_M020_R18_seed110202018.npz
10,20,20,19,110202019,P10_N020_M020_R19_seed110202019.npz
10,20,20,20,110202020,P10_N020_M020_R20_seed110202020.npz
10,20,20,21,110202021,P10_N020_M020_R21_seed110202021.npz
10,20,20,22,110202022,P10_N020_M020_R22_seed110202022.npz
10,20,20,23,110202023,P10_N020_M020_R23_seed110202023.npz
10,20,20,24,110202024,P10_N020_M020_R24_seed110202024.npz
10,20,20,25,110202025,P10_N020_M020_R25_seed110202025.npz
10,20,20,26,110202026,P10_N020_M020_R26_seed110202026.npz
10,20,20,27,110202027,P10_N020_M020_R27_seed110202027.npz
10,20,20,28,110202028,P10_N020_M020_R28_seed110202028.npz
10,20,20,29,110202029,P10_N020_M020_R29_seed110202029.npz
10,20,20,30,110202030,P10_N020_M020_R30_seed110202030.npz
10,20,30,1,110203001,P10_N020_M030_R01_seed110203001.npz
10,20,30,2,110203002,P10_N020_M030_R02_seed110203002.npz
10,20,30,3,110203003,P10_N020_M030_R03_seed110203003.npz
10,20,30,4,110203004,P10_N020_M030_R04_seed110203004.npz
10,20,30,5,110203005,P10_N020_M030_R05_seed110203005.npz
10,20,30,6,110203006,P10_N020_M030_R06_seed110203006.npz
10,20,30,7,110203007,P10_N020_M030_R07_seed110203007.npz
10,20,30,8,110203008,P10_N020_M030_R08_seed110203008.npz
10,20,30,9,110203009,P10_N020_M030_R09_seed110203009.npz
10,20,30,10,110203010,P10_N020_M030_R10_seed110203010.npz
10,20,30,11,110203011,P10_N020_M030_R11_seed110203011.npz
10,20,30,12,110203012,P10_N020_M030_R12_seed110203012.npz
10,20,30,13,110203013,P10_N020_M030_R13_seed110203013.npz
10,20,30,14,110203014,P10_N020_M030_R14_seed110203014.npz
10,20,30,15,110203015,P10_N020_M030_R15_seed110203015.npz
10,20,30,16,110203016,P10_N020_M030_R16_seed110203016.npz
10,20,30,17,110203017,P10_N020_M030_R17_seed110203017.npz
10,20,30,18,110203018,P10_N020_M030_R18_seed110203018.npz
10,20,30,19,110203019,P10_N020_M030_R19_seed110203019.npz
10,20,30,20,110203020,P10_N020_M030_R20_seed110203020.npz
10,20,30,21,110203021,P10_N020_M030_R21_seed110203021.npz
10,20,30,22,110203022,P10_N020_M030_R22_seed110203022.npz
10,20,30,23,110203023,P10_N020_M030_R23_seed110203023.npz
10,20,30,24,110203024,P10_N020_M030_R24_seed110203024.npz
10,20,30,25,110203025,P10_N020_M030_R25_seed110203025.npz
10,20,30,26,110203026,P10_N020_M030_R26_seed110203026.npz
10,20,30,27,110203027,P10_N020_M030_R27_seed110203027.npz
10,20,30,28,110203028,P10_N020_M030_R28_seed110203028.npz
10,20,30,29,110203029,P10_N020_M030_R29_seed110203029.npz
10,20,30,30,110203030,P10_N020_M030_R30_seed110203030.npz
10,20,50,1,110205001,P10_N020_M050_R01_seed110205001.npz
10,20,50,2,110205002,P10_N020_M050_R02_seed110205002.npz
10,20,50,3,110205003,P10_N020_M050_R03_seed110205003.npz
10,20,50,4,110205004,P10_N020_M050_R04_seed110205004.npz
10,20,50,5,110205005,P10_N020_M050_R05_seed110205005.npz
10,20,50,6,110205006,P10_N020_M050_R06_seed110205006.npz
10,20,50,7,110205007,P10_N020_M050_R07_seed110205007.npz
10,20,50,8,110205008,P10_N020_M050_R08_seed110205008.npz
10,20,50,9,110205009,P10_N020_M050_R09_seed110205009.npz
10,20,50,10,110205010,P10_N020_M050_R10_seed110205010.npz
10,20,50,11,110205011,P10_N020_M050_R11_seed110205011.npz
10,20,50,12,110205012,P10_N020_M050_R12_seed110205012.npz
10,20,50,13,110205013,P10_N020_M050_R13_seed110205013.npz
10,20,50,14,110205014,P10_N020_M050_R14_seed110205014.npz
10,20,50,15,110205015,P10_N020_M050_R15_seed110205015.npz
10,20,50,16,110205016,P10_N020_M050_R16_seed110205016.npz
10,20,50,17,110205017,P10_N020_M050_R17_seed110205017.npz
10,20,50,18,110205018,P10_N020_M050_R18_seed110205018.npz
10,20,50,19,110205019,P10_N020_M050_R19_seed110205019.npz
10,20,50,20,110205020,P10_N020_M050_R20_seed110205020.npz
10,20,50,21,110205021,P10_N020_M050_R21_seed110205021.npz
10,20,50,22,110205022,P10_N020_M050_R22_seed110205022.npz
10,20,50,23,110205023,P10_N020_M050_R23_seed110205023.npz
10,20,50,24,110205024,P10_N020_M050_R24_seed110205024.npz
10,20,50,25,110205025,P10_N020_M050_R25_seed110205025.npz
10,20,50,26,110205026,P10_N020_M050_R26_seed110205026.npz
10,20,50,27,110205027,P10_N020_M050_R27_seed110205027.npz
10,20,50,28,110205028,P10_N020_M050_R28_seed110205028.npz
10,20,50,29,110205029,P10_N020_M050_R29_seed110205029.npz
10,20,50,30,110205030,P10_N020_M050_R30_seed110205030.npz
10,50,10,1,110501001,P10_N050_M010_R01_seed110501001.npz
10,50,10,2,110501002,P10_N050_M010_R02_seed110501002.npz
10,50,10,3,110501003,P10_N050_M010_R03_seed110501003.npz
10,50,10,4,110501004,P10_N050_M010_R04_seed110501004.npz
10,50,10,5,110501005,P10_N050_M010_R05_seed110501005.npz
10,50,10,6,110501006,P10_N050_M010_R06_seed110501006.npz
10,50,10,7,110501007,P10_N050_M010_R07_seed110501007.npz
10,50,10,8,110501008,P10_N050_M010_R08_seed110501008.npz
10,50,10,9,110501009,P10_N050_M010_R09_seed110501009.npz
10,50,10,10,110501010,P10_N050_M010_R10_seed110501010.npz
10,50,10,11,110501011,P10_N050_M010_R11_seed110501011.npz
10,50,10,12,110501012,P10_N050_M010_R12_seed110501012.npz
10,50,10,13,110501013,P10_N050_M010_R13_seed110501013.npz
10,50,10,14,110501014,P10_N050_M010_R14_seed110501014.npz
10,50,10,15,110501015,P10_N050_M010_R15_seed110501015.npz
10,50,10,16,110501016,P10_N050_M010_R16_seed110501016.npz
10,50,10,17,110501017,P10_N050_M010_R17_seed110501017.npz
10,50,10,18,110501018,P10_N050_M010_R18_seed110501018.npz
10,50,10,19,110501019,P10_N050_M010_R19_seed110501019.npz
10,50,10,20,110501020,P10_N050_M010_R20_seed110501020.npz
10,50,10,21,110501021,P10_N050_M010_R21_seed110501021.npz
10,50,10,22,110501022,P10_N050_M010_R22_seed110501022.npz
10,50,10,23,110501023,P10_N050_M010_R23_seed110501023.npz
10,50,10,24,110501024,P10_N050_M010_R24_seed110501024.npz
10,50,10,25,110501025,P10_N050_M010_R25_seed110501025.npz
10,50,10,26,110501026,P10_N050_M010_R26_seed110501026.npz
10,50,10,27,110501027,P10_N050_M010_R27_seed110501027.npz
10,50,10,28,110501028,P10_N050_M010_R28_seed110501028.npz
10,50,10,29,110501029,P10_N050_M010_R29_seed110501029.npz
10,50,10,30,110501030,P10_N050_M010_R30_seed110501030.npz
10,50,20,1,110502001,P10_N050_M020_R01_seed110502001.npz
10,50,20,2,110502002,P10_N050_M020_R02_seed110502002.npz
10,50,20,3,110502003,P10_N050_M020_R03_seed110502003.npz
10,50,20,4,110502004,P10_N050_M020_R04_seed110502004.npz
10,50,20,5,110502005,P10_N050_M020_R05_seed110502005.npz
10,50,20,6,110502006,P10_N050_M020_R06_seed110502006.npz
10,50,20,7,110502007,P10_N050_M020_R07_seed110502007.npz
10,50,20,8,110502008,P10_N050_M020_R08_seed110502008.npz
10,50,20,9,110502009,P10_N050_M020_R09_seed110502009.npz
10,50,20,10,110502010,P10_N050_M020_R10_seed110502010.npz
10,50,20,11,110502011,P10_N050_M020_R11_seed110502011.npz
10,50,20,12,110502012,P10_N050_M020_R12_seed110502012.npz
10,50,20,13,110502013,P10_N050_M020_R13_seed110502013.npz
10,50,20,14,110502014,P10_N050_M020_R14_seed110502014.npz
10,50,20,15,110502015,P10_N050_M020_R15_seed110502015.npz
10,50,20,16,110502016,P10_N050_M020_R16_seed110502016.npz
10,50,20,17,110502017,P10_N050_M020_R17_seed110502017.npz
10,50,20,18,110502018,P10_N050_M020_R18_seed110502018.npz
10,50,20,19,110502019,P10_N050_M020_R19_seed110502019.npz
10,50,20,20,110502020,P10_N050_M020_R20_seed110502020.npz
10,50,20,21,110502021,P10_N050_M020_R21_seed110502021.npz
10,50,20,22,110502022,P10_N050_M020_R22_seed110502022.npz
10,50,20,23,110502023,P10_N050_M020_R23_seed110502023.npz
10,50,20,24,110502024,P10_N050_M020_R24_seed110502024.npz
10,50,20,25,110502025,P10_N050_M020_R25_seed110502025.npz
10,50,20,26,110502026,P10_N050_M020_R26_seed110502026.npz
10,50,20,27,110502027,P10_N050_M020_R27_seed110502027.npz
10,50,20,28,110502028,P10_N050_M020_R28_seed110502028.npz
10,50,20,29,110502029,P10_N050_M020_R29_seed110502029.npz
10,50,20,30,110502030,P10_N050_M020_R30_seed110502030.npz
10,50,30,1,110503001,P10_N050_M030_R01_seed110503001.npz
10,50,30,2,110503002,P10_N050_M030_R02_seed110503002.npz
10,50,30,3,110503003,P10_N050_M030_R03_seed110503003.npz
10,50,30,4,110503004,P10_N050_M030_R04_seed110503004.npz
10,50,30,5,110503005,P10_N050_M030_R05_seed110503005.npz
10,50,30,6,110503006,P10_N050_M030_R06_seed110503006.npz
10,50,30,7,110503007,P10_N050_M030_R07_seed110503007.npz
10,50,30,8,110503008,P10_N050_M030_R08_seed110503008.npz
10,50,30,9,110503009,P10_N050_M030_R09_seed110503009.npz
10,50,30,10,110503010,P10_N050_M030_R10_seed110503010.npz
10,50,30,11,110503011,P10_N050_M030_R11_seed110503011.npz
10,50,30,12,110503012,P10_N050_M030_R12_seed110503012.npz
10,50,30,13,110503013,P10_N050_M030_R13_seed110503013.npz
10,50,30,14,110503014,P10_N050_M030_R14_seed110503014.npz
10,50,30,15,110503015,P10_N050_M030_R15_seed110503015.npz
10,50,30,16,110503016,P10_N050_M030_R16_seed110503016.npz
10,50,30,17,110503017,P10_N050_M030_R17_seed110503017.npz
10,50,30,18,110503018,P10_N050_M030_R18_seed110503018.npz
10,50,30,19,110503019,P10_N050_M030_R19_seed110503019.npz
10,50,30,20,110503020,P10_N050_M030_R20_seed110503020.npz
10,50,30,21,110503021,P10_N050_M030_R21_seed110503021.npz
10,50,30,22,110503022,P10_N050_M030_R22_seed110503022.npz
10,50,30,23,110503023,P10_N050_M030_R23_seed110503023.npz
10,50,30,24,110503024,P10_N050_M030_R24_seed110503024.npz
10,50,30,25,110503025,P10_N050_M030_R25_seed110503025.npz
10,50,30,26,110503026,P10_N050_M030_R26_seed110503026.npz
10,50,30,27,110503027,P10_N050_M030_R27_seed110503027.npz
10,50,30,28,110503028,P10_N050_M030_R28_seed110503028.npz
10,50,30,29,110503029,P10_N050_M030_R29_seed110503029.npz
10,50,30,30,110503030,P10_N050_M030_R30_seed110503030.npz
10,50,50,1,110505001,P10_N050_M050_R01_seed110505001.npz
10,50,50,2,110505002,P10_N050_M050_R02_seed110505002.npz
10,50,50,3,110505003,P10_N050_M050_R03_seed110505003.npz
10,50,50,4,110505004,P10_N050_M050_R04_seed110505004.npz
10,50,50,5,110505005,P10_N050_M050_R05_seed110505005.npz
10,50,50,6,110505006,P10_N050_M050_R06_seed110505006.npz
10,50,50,7,110505007,P10_N050_M050_R07_seed110505007.npz
10,50,50,8,110505008,P10_N050_M050_R08_seed110505008.npz
10,50,50,9,110505009,P10_N050_M050_R09_seed110505009.npz
10,50,50,10,110505010,P10_N050_M050_R10_seed110505010.npz
10,50,50,11,110505011,P10_N050_M050_R11_seed110505011.npz
10,50,50,12,110505012,P10_N050_M050_R12_seed110505012.npz
10,50,50,13,110505013,P10_N050_M050_R13_seed110505013.npz
10,50,50,14,110505014,P10_N050_M050_R14_seed110505014.npz
10,50,50,15,110505015,P10_N050_M050_R15_seed110505015.npz
10,50,50,16,110505016,P10_N050_M050_R16_seed110505016.npz
10,50,50,17,110505017,P10_N050_M050_R17_seed110505017.npz
10,50,50,18,110505018,P10_N050_M050_R18_seed110505018.npz
10,50,50,19,110505019,P10_N050_M050_R19_seed110505019.npz
10,50,50,20,110505020,P10_N050_M050_R20_seed110505020.npz
10,50,50,21,110505021,P10_N050_M050_R21_seed110505021.npz
10,50,50,22,110505022,P10_N050_M050_R22_seed110505022.npz
10,50,50,23,110505023,P10_N050_M050_R23_seed110505023.npz
10,50,50,24,110505024,P10_N050_M050_R24_seed110505024.npz
10,50,50,25,110505025,P10_N050_M050_R25_seed110505025.npz
10,50,50,26,110505026,P10_N050_M050_R26_seed110505026.npz
10,50,50,27,110505027,P10_N050_M050_R27_seed110505027.npz
10,50,50,28,110505028,P10_N050_M050_R28_seed110505028.npz
10,50,50,29,110505029,P10_N050_M050_R29_seed110505029.npz
10,50,50,30,110505030,P10_N050_M050_R30_seed110505030.npz
20,10,10,1,120101001,P20_N010_M010_R01_seed120101001.npz
20,10,10,2,120101002,P20_N010_M010_R02_seed120101002.npz
20,10,10,3,120101003,P20_N010_M010_R03_seed120101003.npz
20,10,10,4,120101004,P20_N010_M010_R04_seed120101004.npz
20,10,10,5,120101005,P20_N010_M010_R05_seed120101005.npz
20,10,10,6,120101006,P20_N010_M010_R06_seed120101006.npz
20,10,10,7,120101007,P20_N010_M010_R07_seed120101007.npz
20,10,10,8,120101008,P20_N010_M010_R08_seed120101008.npz
20,10,10,9,120101009,P20_N010_M010_R09_seed120101009.npz
20,10,10,10,120101010,P20_N010_M010_R10_seed120101010.npz
20,10,10,11,120101011,P20_N010_M010_R11_seed120101011.npz
20,10,10,12,120101012,P20_N010_M010_R12_seed120101012.npz
20,10,10,13,120101013,P20_N010_M010_R13_seed120101013.npz
20,10,10,14,120101014,P20_N010_M010_R14_seed120101014.npz
20,10,10,15,120101015,P20_N010_M010_R15_seed120101015.npz
20,10,10,16,120101016,P20_N010_M010_R16_seed120101016.npz
20,10,10,17,120101017,P20_N010_M010_R17_seed120101017.npz
20,10,10,18,120101018,P20_N010_M010_R18_seed120101018.npz
20,10,10,19,120101019,P20_N010_M010_R19_seed120101019.npz
20,10,10,20,120101020,P20_N010_M010_R20_seed120101020.npz
20,10,10,21,120101021,P20_N010_M010_R21_seed120101021.npz
20,10,10,22,120101022,P20_N010_M010_R22_seed120101022.npz
20,10,10,23,120101023,P20_N010_M010_R23_seed120101023.npz
20,10,10,24,120101024,P20_N010_M010_R24_seed120101024.npz
20,10,10,25,120101025,P20_N010_M010_R25_seed120101025.npz
20,10,10,26,120101026,P20_N010_M010_R26_seed120101026.npz
20,10,10,27,120101027,P20_N010_M010_R27_seed120101027.npz
20,10,10,28,120101028,P20_N010_M010_R28_seed120101028.npz
20,10,10,29,120101029,P20_N010_M010_R29_seed120101029.npz
20,10,10,30,120101030,P20_N010_M010_R30_seed120101030.npz
20,10,20,1,120102001,P20_N010_M020_R01_seed120102001.npz
20,10,20,2,120102002,P20_N010_M020_R02_seed120102002.npz
20,10,20,3,120102003,P20_N010_M020_R03_seed120102003.npz
20,10,20,4,120102004,P20_N010_M020_R04_seed120102004.npz
20,10,20,5,120102005,P20_N010_M020_R05_seed120102005.npz
20,10,20,6,120102006,P20_N010_M020_R06_seed120102006.npz
20,10,20,7,120102007,P20_N010_M020_R07_seed120102007.npz
20,10,20,8,120102008,P20_N010_M020_R08_seed120102008.npz
20,10,20,9,120102009,P20_N010_M020_R09_seed120102009.npz
20,10,20,10,120102010,P20_N010_M020_R10_seed120102010.npz
20,10,20,11,120102011,P20_N010_M020_R11_seed120102011.npz
20,10,20,12,120102012,P20_N010_M020_R12_seed120102012.npz
20,10,20,13,120102013,P20_N010_M020_R13_seed120102013.npz
20,10,20,14,120102014,P20_N010_M020_R14_seed120102014.npz
20,10,20,15,120102015,P20_N010_M020_R15_seed120102015.npz
20,10,20,16,120102016,P20_N010_M020_R16_seed120102016.npz
20,10,20,17,120102017,P20_N010_M020_R17_seed120102017.npz
20,10,20,18,120102018,P20_N010_M020_R18_seed120102018.npz
20,10,20,19,120102019,P20_N010_M020_R19_seed120102019.npz
20,10,20,20,120102020,P20_N010_M020_R20_seed120102020.npz
20,10,20,21,120102021,P20_N010_M020_R21_seed120102021.npz
20,10,20,22,120102022,P20_N010_M020_R22_seed120102022.npz
20,10,20,23,120102023,P20_N010_M020_R23_seed120102023.npz
20,10,20,24,120102024,P20_N010_M020_R24_seed120102024.npz
20,10,20,25,120102025,P20_N010_M020_R25_seed120102025.npz
20,10,20,26,120102026,P20_N010_M020_R26_seed120102026.npz
20,10,20,27,120102027,P20_N010_M020_R27_seed120102027.npz
20,10,20,28,120102028,P20_N010_M020_R28_seed120102028.npz
20,10,20,29,120102029,P20_N010_M020_R29_seed120102029.npz
20,10,20,30,120102030,P20_N010_M020_R30_seed120102030.npz
20,10,30,1,120103001,P20_N010_M030_R01_seed120103001.npz
20,10,30,2,120103002,P20_N010_M030_R02_seed120103002.npz
20,10,30,3,120103003,P20_N010_M030_R03_seed120103003.npz
20,10,30,4,120103004,P20_N010_M030_R04_seed120103004.npz
20,10,30,5,120103005,P20_N010_M030_R05_seed120103005.npz
20,10,30,6,120103006,P20_N010_M030_R06_seed120103006.npz
20,10,30,7,120103007,P20_N010_M030_R07_seed120103007.npz
20,10,30,8,120103008,P20_N010_M030_R08_seed120103008.npz
20,10,30,9,120103009,P20_N010_M030_R09_seed120103009.npz
20,10,30,10,120103010,P20_N010_M030_R10_seed120103010.npz
20,10,30,11,120103011,P20_N010_M030_R11_seed120103011.npz
20,10,30,12,120103012,P20_N010_M030_R12_seed120103012.npz
20,10,30,13,120103013,P20_N010_M030_R13_seed120103013.npz
20,10,30,14,120103014,P20_N010_M030_R14_seed120103014.npz
20,10,30,15,120103015,P20_N010_M030_R15_seed120103015.npz
20,10,30,16,120103016,P20_N010_M030_R16_seed120103016.npz
20,10,30,17,120103017,P20_N010_M030_R17_seed120103017.npz
20,10,30,18,120103018,P20_N010_M030_R18_seed120103018.npz
20,10,30,19,120103019,P20_N010_M030_R19_seed120103019.npz
20,10,30,20,120103020,P20_N010_M030_R20_seed120103020.npz
20,10,30,21,120103021,P20_N010_M030_R21_seed120103021.npz
20,10,30,22,120103022,P20_N010_M030_R22_seed120103022.npz
20,10,30,23,120103023,P20_N010_M030_R23_seed120103023.npz
20,10,30,24,120103024,P20_N010_M030_R24_seed120103024.npz
20,10,30,25,120103025,P20_N010_M030_R25_seed120103025.npz
20,10,30,26,120103026,P20_N010_M030_R26_seed120103026.npz
20,10,30,27,120103027,P20_N010_M030_R27_seed120103027.npz
20,10,30,28,120103028,P20_N010_M030_R28_seed120103028.npz
20,10,30,29,120103029,P20_N010_M030_R29_seed120103029.npz
20,10,30,30,120103030,P20_N010_M030_R30_seed120103030.npz
20,10,50,1,120105001,P20_N010_M050_R01_seed120105001.npz
20,10,50,2,120105002,P20_N010_M050_R02_seed120105002.npz
20,10,50,3,120105003,P20_N010_M050_R03_seed120105003.npz
20,10,50,4,120105004,P20_N010_M050_R04_seed120105004.npz
20,10,50,5,120105005,P20_N010_M050_R05_seed120105005.npz
20,10,50,6,120105006,P20_N010_M050_R06_seed120105006.npz
20,10,50,7,120105007,P20_N010_M050_R07_seed120105007.npz
20,10,50,8,120105008,P20_N010_M050_R08_seed120105008.npz
20,10,50,9,120105009,P20_N010_M050_R09_seed120105009.npz
20,10,50,10,120105010,P20_N010_M050_R10_seed120105010.npz
20,10,50,11,120105011,P20_N010_M050_R11_seed120105011.npz
20,10,50,12,120105012,P20_N010_M050_R12_seed120105012.npz
20,10,50,13,120105013,P20_N010_M050_R13_seed120105013.npz
20,10,50,14,120105014,P20_N010_M050_R14_seed120105014.npz
20,10,50,15,120105015,P20_N010_M050_R15_seed120105015.npz
20,10,50,16,120105016,P20_N010_M050_R16_seed120105016.npz
20,10,50,17,120105017,P20_N010_M050_R17_seed120105017.npz
20,10,50,18,120105018,P20_N010_M050_R18_seed120105018.npz
20,10,50,19,120105019,P20_N010_M050_R19_seed120105019.npz
20,10,50,20,120105020,P20_N010_M050_R20_seed120105020.npz
20,10,50,21,120105021,P20_N010_M050_R21_seed120105021.npz
20,10,50,22,120105022,P20_N010_M050_R22_seed120105022.npz
20,10,50,23,120105023,P20_N010_M050_R23_seed120105023.npz
20,10,50,24,120105024,P20_N010_M050_R24_seed120105024.npz
20,10,50,25,120105025,P20_N010_M050_R25_seed120105025.npz
20,10,50,26,120105026,P20_N010_M050_R26_seed120105026.npz
20,10,50,27,120105027,P20_N010_M050_R27_seed120105027.npz
20,10,50,28,120105028,P20_N010_M050_R28_seed120105028.npz
20,10,50,29,120105029,P20_N010_M050_R29_seed120105029.npz
20,10,50,30,120105030,P20_N010_M050_R30_seed120105030.npz
20,20,10,1,120201001,P20_N020_M010_R01_seed120201001.npz
20,20,10,2,120201002,P20_N020_M010_R02_seed120201002.npz
20,20,10,3,120201003,P20_N020_M010_R03_seed120201003.npz
20,20,10,4,120201004,P20_N020_M010_R04_seed120201004.npz
20,20,10,5,120201005,P20_N020_M010_R05_seed120201005.npz
20,20,10,6,120201006,P20_N020_M010_R06_seed120201006.npz
20,20,10,7,120201007,P20_N020_M010_R07_seed120201007.npz
20,20,10,8,120201008,P20_N020_M010_R08_seed120201008.npz
20,20,10,9,120201009,P20_N020_M010_R09_seed120201009.npz
20,20,10,10,120201010,P20_N020_M010_R10_seed120201010.npz
20,20,10,11,120201011,P20_N020_M010_R11_seed120201011.npz
20,20,10,12,120201012,P20_N020_M010_R12_seed120201012.npz
20,20,10,13,120201013,P20_N020_M010_R13_seed120201013.npz
20,20,10,14,120201014,P20_N020_M010_R14_seed120201014.npz
20,20,10,15,120201015,P20_N020_M010_R15_seed120201015.npz
20,20,10,16,120201016,P20_N020_M010_R16_seed120201016.npz
20,20,10,17,120201017,P20_N020_M010_R17_seed120201017.npz
20,20,10,18,120201018,P20_N020_M010_R18_seed120201018.npz
20,20,10,19,120201019,P20_N020_M010_R19_seed120201019.npz
20,20,10,20,120201020,P20_N020_M010_R20_seed120201020.npz
20,20,10,21,120201021,P20_N020_M010_R21_seed120201021.npz
20,20,10,22,120201022,P20_N020_M010_R22_seed120201022.npz
20,20,10,23,120201023,P20_N020_M010_R23_seed120201023.npz
20,20,10,24,120201024,P20_N020_M010_R24_seed120201024.npz
20,20,10,25,120201025,P20_N020_M010_R25_seed120201025.npz
20,20,10,26,120201026,P20_N020_M010_R26_seed120201026.npz
20,20,10,27,120201027,P20_N020_M010_R27_seed120201027.npz
20,20,10,28,120201028,P20_N020_M010_R28_seed120201028.npz
20,20,10,29,120201029,P20_N020_M010_R29_seed120201029.npz
20,20,10,30,120201030,P20_N020_M010_R30_seed120201030.npz
20,20,20,1,120202001,P20_N020_M020_R01_seed120202001.npz
20,20,20,2,120202002,P20_N020_M020_R02_seed120202002.npz
20,20,20,3,120202003,P20_N020_M020_R03_seed120202003.npz
20,20,20,4,120202004,P20_N020_M020_R04_seed120202004.npz
20,20,20,5,120202005,P20_N020_M020_R05_seed120202005.npz
20,20,20,6,120202006,P20_N020_M020_R06_seed120202006.npz
20,20,20,7,120202007,P20_N020_M020_R07_seed120202007.npz
20,20,20,8,120202008,P20_N020_M020_R08_seed120202008.npz
20,20,20,9,120202009,P20_N020_M020_R09_seed120202009.npz
20,20,20,10,120202010,P20_N020_M020_R10_seed120202010.npz
20,20,20,11,120202011,P20_N020_M020_R11_seed120202011.npz
20,20,20,12,120202012,P20_N020_M020_R12_seed120202012.npz
20,20,20,13,120202013,P20_N020_M020_R13_seed120202013.npz
20,20,20,14,120202014,P20_N020_M020_R14_seed120202014.npz
20,20,20,15,120202015,P20_N020_M020_R15_seed120202015.npz
20,20,20,16,120202016,P20_N020_M020_R16_seed120202016.npz
20,20,20,17,120202017,P20_N020_M020_R17_seed120202017.npz
20,20,20,18,120202018,P20_N020_M020_R18_seed120202018.npz
20,20,20,19,120202019,P20_N020_M020_R19_seed120202019.npz
20,20,20,20,120202020,P20_N020_M020_R20_seed120202020.npz
20,20,20,21,120202021,P20_N020_M020_R21_seed120202021.npz
20,20,20,22,120202022,P20_N020_M020_R22_seed120202022.npz
20,20,20,23,120202023,P20_N020_M020_R23_seed120202023.npz
20,20,20,24,120202024,P20_N020_M020_R24_seed120202024.npz
20,20,20,25,120202025,P20_N020_M020_R25_seed120202025.npz
20,20,20,26,120202026,P20_N020_M020_R26_seed120202026.npz
20,20,20,27,120202027,P20_N020_M020_R27_seed120202027.npz
20,20,20,28,120202028,P20_N020_M020_R28_seed120202028.npz
20,20,20,29,120202029,P20_N020_M020_R29_seed120202029.npz
20,20,20,30,120202030,P20_N020_M020_R30_seed120202030.npz
20,20,30,1,120203001,P20_N020_M030_R01_seed120203001.npz
20,20,30,2,120203002,P20_N020_M030_R02_seed120203002.npz
20,20,30,3,120203003,P20_N020_M030_R03_seed120203003.npz
20,20,30,4,120203004,P20_N020_M030_R04_seed120203004.npz
20,20,30,5,120203005,P20_N020_M030_R05_seed120203005.npz
20,20,30,6,120203006,P20_N020_M030_R06_seed120203006.npz
20,20,30,7,120203007,P20_N020_M030_R07_seed120203007.npz
20,20,30,8,120203008,P20_N020_M030_R08_seed120203008.npz
20,20,30,9,120203009,P20_N020_M030_R09_seed120203009.npz
20,20,30,10,120203010,P20_N020_M030_R10_seed120203010.npz
20,20,30,11,120203011,P20_N020_M030_R11_seed120203011.npz
20,20,30,12,120203012,P20_N020_M030_R12_seed120203012.npz
20,20,30,13,120203013,P20_N020_M030_R13_seed120203013.npz
20,20,30,14,120203014,P20_N020_M030_R14_seed120203014.npz
20,20,30,15,120203015,P20_N020_M030_R15_seed120203015.npz
20,20,30,16,120203016,P20_N020_M030_R16_seed120203016.npz
20,20,30,17,120203017,P20_N020_M030_R17_seed120203017.npz
20,20,30,18,120203018,P20_N020_M030_R18_seed120203018.npz
20,20,30,19,120203019,P20_N020_M030_R19_seed120203019.npz
20,20,30,20,120203020,P20_N020_M030_R20_seed120203020.npz
20,20,30,21,120203021,P20_N020_M030_R21_seed120203021.npz
20,20,30,22,120203022,P20_N020_M030_R22_seed120203022.npz
20,20,30,23,120203023,P20_N020_M030_R23_seed120203023.npz
20,20,30,24,120203024,P20_N020_M030_R24_seed120203024.npz
20,20,30,25,120203025,P20_N020_M030_R25_seed120203025.npz
20,20,30,26,120203026,P20_N020_M030_R26_seed120203026.npz
20,20,30,27,120203027,P20_N020_M030_R27_seed120203027.npz
20,20,30,28,120203028,P20_N020_M030_R28_seed120203028.npz
20,20,30,29,120203029,P20_N020_M030_R29_seed120203029.npz
20,20,30,30,120203030,P20_N020_M030_R30_seed120203030.npz
20,20,50,1,120205001,P20_N020_M050_R01_seed120205001.npz
20,20,50,2,120205002,P20_N020_M050_R02_seed120205002.npz
20,20,50,3,120205003,P20_N020_M050_R03_seed120205003.npz
20,20,50,4,120205004,P20_N020_M050_R04_seed120205004.npz
20,20,50,5,120205005,P20_N020_M050_R05_seed120205005.npz
20,20,50,6,120205006,P20_N020_M050_R06_seed120205006.npz
20,20,50,7,120205007,P20_N020_M050_R07_seed120205007.npz
20,20,50,8,120205008,P20_N020_M050_R08_seed120205008.npz
20,20,50,9,120205009,P20_N020_M050_R09_seed120205009.npz
20,20,50,10,120205010,P20_N020_M050_R10_seed120205010.npz
20,20,50,11,120205011,P20_N020_M050_R11_seed120205011.npz
20,20,50,12,120205012,P20_N020_M050_R12_seed120205012.npz
20,20,50,13,120205013,P20_N020_M050_R13_seed120205013.npz
20,20,50,14,120205014,P20_N020_M050_R14_seed120205014.npz
20,20,50,15,120205015,P20_N020_M050_R15_seed120205015.npz
20,20,50,16,120205016,P20_N020_M050_R16_seed120205016.npz
20,20,50,17,120205017,P20_N020_M050_R17_seed120205017.npz
20,20,50,18,120205018,P20_N020_M050_R18_seed120205018.npz
20,20,50,19,120205019,P20_N020_M050_R19_seed120205019.npz
20,20,50,20,120205020,P20_N020_M050_R20_seed120205020.npz
20,20,50,21,120205021,P20_N020_M050_R21_seed120205021.npz
20,20,50,22,120205022,P20_N020_M050_R22_seed120205022.npz
20,20,50,23,120205023,P20_N020_M050_R23_seed120205023.npz
20,20,50,24,120205024,P20_N020_M050_R24_seed120205024.npz
20,20,50,25,120205025,P20_N020_M050_R25_seed120205025.npz
20,20,50,26,120205026,P20_N020_M050_R26_seed120205026.npz
20,20,50,27,120205027,P20_N020_M050_R27_seed120205027.npz
20,20,50,28,120205028,P20_N020_M050_R28_seed120205028.npz
20,20,50,29,120205029,P20_N020_M050_R29_seed120205029.npz
20,20,50,30,120205030,P20_N020_M050_R30_seed120205030.npz
20,50,10,1,120501001,P20_N050_M010_R01_seed120501001.npz
20,50,10,2,120501002,P20_N050_M010_R02_seed120501002.npz
20,50,10,3,120501003,P20_N050_M010_R03_seed120501003.npz
20,50,10,4,120501004,P20_N050_M010_R04_seed120501004.npz
20,50,10,5,120501005,P20_N050_M010_R05_seed120501005.npz
20,50,10,6,120501006,P20_N050_M010_R06_seed120501006.npz
20,50,10,7,120501007,P20_N050_M010_R07_seed120501007.npz
20,50,10,8,120501008,P20_N050_M010_R08_seed120501008.npz
20,50,10,9,120501009,P20_N050_M010_R09_seed120501009.npz
20,50,10,10,120501010,P20_N050_M010_R10_seed120501010.npz
20,50,10,11,120501011,P20_N050_M010_R11_seed120501011.npz
20,50,10,12,120501012,P20_N050_M010_R12_seed120501012.npz
20,50,10,13,120501013,P20_N050_M010_R13_seed120501013.npz
20,50,10,14,120501014,P20_N050_M010_R14_seed120501014.npz
20,50,10,15,120501015,P20_N050_M010_R15_seed120501015.npz
20,50,10,16,120501016,P20_N050_M010_R16_seed120501016.npz
20,50,10,17,120501017,P20_N050_M010_R17_seed120501017.npz
20,50,10,18,120501018,P20_N050_M010_R18_seed120501018.npz
20,50,10,19,120501019,P20_N050_M010_R19_seed120501019.npz
20,50,10,20,120501020,P20_N050_M010_R20_seed120501020.npz
20,50,10,21,120501021,P20_N050_M010_R21_seed120501021.npz
20,50,10,22,120501022,P20_N050_M010_R22_seed120501022.npz
20,50,10,23,120501023,P20_N050_M010_R23_seed120501023.npz
20,50,10,24,120501024,P20_N050_M010_R24_seed120501024.npz
20,50,10,25,120501025,P20_N050_M010_R25_seed120501025.npz
20,50,10,26,120501026,P20_N050_M010_R26_seed120501026.npz
20,50,10,27,120501027,P20_N050_M010_R27_seed120501027.npz
20,50,10,28,120501028,P20_N050_M010_R28_seed120501028.npz
20,50,10,29,120501029,P20_N050_M010_R29_seed120501029.npz
20,50,10,30,120501030,P20_N050_M010_R30_seed120501030.npz
20,50,20,1,120502001,P20_N050_M020_R01_seed120502001.npz
20,50,20,2,120502002,P20_N050_M020_R02_seed120502002.npz
20,50,20,3,120502003,P20_N050_M020_R03_seed120502003.npz
20,50,20,4,120502004,P20_N050_M020_R04_seed120502004.npz
20,50,20,5,120502005,P20_N050_M020_R05_seed120502005.npz
20,50,20,6,120502006,P20_N050_M020_R06_seed120502006.npz
20,50,20,7,120502007,P20_N050_M020_R07_seed120502007.npz
20,50,20,8,120502008,P20_N050_M020_R08_seed120502008.npz
20,50,20,9,120502009,P20_N050_M020_R09_seed120502009.npz
20,50,20,10,120502010,P20_N050_M020_R10_seed120502010.npz
20,50,20,11,120502011,P20_N050_M020_R11_seed120502011.npz
20,50,20,12,120502012,P20_N050_M020_R12_seed120502012.npz
20,50,20,13,120502013,P20_N050_M020_R13_seed120502013.npz
20,50,20,14,120502014,P20_N050_M020_R14_seed120502014.npz
20,50,20,15,120502015,P20_N050_M020_R15_seed120502015.npz
20,50,20,16,120502016,P20_N050_M020_R16_seed120502016.npz
20,50,20,17,120502017,P20_N050_M020_R17_seed120502017.npz
20,50,20,18,120502018,P20_N050_M020_R18_seed120502018.npz
20,50,20,19,120502019,P20_N050_M020_R19_seed120502019.npz
20,50,20,20,120502020,P20_N050_M020_R20_seed120502020.npz
20,50,20,21,120502021,P20_N050_M020_R21_seed120502021.npz
20,50,20,22,120502022,P20_N050_M020_R22_seed120502022.npz
20,50,20,23,120502023,P20_N050_M020_R23_seed120502023.npz
20,50,20,24,120502024,P20_N050_M020_R24_seed120502024.npz
20,50,20,25,120502025,P20_N050_M020_R25_seed120502025.npz
20,50,20,26,120502026,P20_N050_M020_R26_seed120502026.npz
20,50,20,27,120502027,P20_N050_M020_R27_seed120502027.npz
20,50,20,28,120502028,P20_N050_M020_R28_seed120502028.npz
20,50,20,29,120502029,P20_N050_M020_R29_seed120502029.npz
20,50,20,30,120502030,P20_N050_M020_R30_seed120502030.npz
20,50,30,1,120503001,P20_N050_M030_R01_seed120503001.npz
20,50,30,2,120503002,P20_N050_M030_R02_seed120503002.npz
20,50,30,3,120503003,P20_N050_M030_R03_seed120503003.npz
20,50,30,4,120503004,P20_N050_M030_R04_seed120503004.npz
20,50,30,5,120503005,P20_N050_M030_R05_seed120503005.npz
20,50,30,6,120503006,P20_N050_M030_R06_seed120503006.npz
20,50,30,7,120503007,P20_N050_M030_R07_seed120503007.npz
20,50,30,8,120503008,P20_N050_M030_R08_seed120503008.npz
20,50,30,9,120503009,P20_N050_M030_R09_seed120503009.npz
20,50,30,10,120503010,P20_N050_M030_R10_seed120503010.npz
20,50,30,11,120503011,P20_N050_M030_R11_seed120503011.npz
20,50,30,12,120503012,P20_N050_M030_R12_seed120503012.npz
20,50,30,13,120503013,P20_N050_M030_R13_seed120503013.npz
20,50,30,14,120503014,P20_N050_M030_R14_seed120503014.npz
20,50,30,15,120503015,P20_N050_M030_R15_seed120503015.npz
20,50,30,16,120503016,P20_N050_M030_R16_seed120503016.npz
20,50,30,17,120503017,P20_N050_M030_R17_seed120503017.npz
20,50,30,18,120503018,P20_N050_M030_R18_seed120503018.npz
20,50,30,19,120503019,P20_N050_M030_R19_seed120503019.npz
20,50,30,20,120503020,P20_N050_M030_R20_seed120503020.npz
20,50,30,21,120503021,P20_N050_M030_R21_seed120503021.npz
20,50,30,22,120503022,P20_N050_M030_R22_seed120503022.npz
20,50,30,23,120503023,P20_N050_M030_R23_seed120503023.npz
20,50,30,24,120503024,P20_N050_M030_R24_seed120503024.npz
20,50,30,25,120503025,P20_N050_M030_R25_seed120503025.npz
20,50,30,26,120503026,P20_N050_M030_R26_seed120503026.npz
20,50,30,27,120503027,P20_N050_M030_R27_seed120503027.npz
20,50,30,28,120503028,P20_N050_M030_R28_seed120503028.npz
20,50,30,29,120503029,P20_N050_M030_R29_seed120503029.npz
20,50,30,30,120503030,P20_N050_M030_R30_seed120503030.npz
20,50,50,1,120505001,P20_N050_M050_R01_seed120505001.npz
20,50,50,2,120505002,P20_N050_M050_R02_seed120505002.npz
20,50,50,3,120505003,P20_N050_M050_R03_seed120505003.npz
20,50,50,4,120505004,P20_N050_M050_R04_seed120505004.npz
20,50,50,5,120505005,P20_N050_M050_R05_seed120505005.npz
20,50,50,6,120505006,P20_N050_M050_R06_seed120505006.npz
20,50,50,7,120505007,P20_N050_M050_R07_seed120505007.npz
20,50,50,8,120505008,P20_N050_M050_R08_seed120505008.npz
20,50,50,9,120505009,P20_N050_M050_R09_seed120505009.npz
20,50,50,10,120505010,P20_N050_M050_R10_seed120505010.npz
20,50,50,11,120505011,P20_N050_M050_R11_seed120505011.npz
20,50,50,12,120505012,P20_N050_M050_R12_seed120505012.npz
20,50,50,13,120505013,P20_N050_M050_R13_seed120505013.npz
20,50,50,14,120505014,P20_N050_M050_R14_seed120505014.npz
20,50,50,15,120505015,P20_N050_M050_R15_seed120505015.npz
20,50,50,16,120505016,P20_N050_M050_R16_seed120505016.npz
20,50,50,17,120505017,P20_N050_M050_R17_seed120505017.npz
20,50,50,18,120505018,P20_N050_M050_R18_seed120505018.npz
20,50,50,19,120505019,P20_N050_M050_R19_seed120505019.npz
20,50,50,20,120505020,P20_N050_M050_R20_seed120505020.npz
20,50,50,21,120505021,P20_N050_M050_R21_seed120505021.npz
20,50,50,22,120505022,P20_N050_M050_R22_seed120505022.npz
20,50,50,23,120505023,P20_N050_M050_R23_seed120505023.npz
20,50,50,24,120505024,P20_N050_M050_R24_seed120505024.npz
20,50,50,25,120505025,P20_N050_M050_R25_seed120505025.npz
20,50,50,26,120505026,P20_N050_M050_R26_seed120505026.npz
20,50,50,27,120505027,P20_N050_M050_R27_seed120505027.npz
20,50,50,28,120505028,P20_N050_M050_R28_seed120505028.npz
20,50,50,29,120505029,P20_N050_M050_R29_seed120505029.npz
20,50,50,30,120505030,P20_N050_M050_R30_seed120505030.npz
50,10,10,1,150101001,P50_N010_M010_R01_seed150101001.npz
50,10,10,2,150101002,P50_N010_M010_R02_seed150101002.npz
50,10,10,3,150101003,P50_N010_M010_R03_seed150101003.npz
50,10,10,4,150101004,P50_N010_M010_R04_seed150101004.npz
50,10,10,5,150101005,P50_N010_M010_R05_seed150101005.npz
50,10,10,6,150101006,P50_N010_M010_R06_seed150101006.npz
50,10,10,7,150101007,P50_N010_M010_R07_seed150101007.npz
50,10,10,8,150101008,P50_N010_M010_R08_seed150101008.npz
50,10,10,9,150101009,P50_N010_M010_R09_seed150101009.npz
50,10,10,10,150101010,P50_N010_M010_R10_seed150101010.npz
50,10,10,11,150101011,P50_N010_M010_R11_seed150101011.npz
50,10,10,12,150101012,P50_N010_M010_R12_seed150101012.npz
50,10,10,13,150101013,P50_N010_M010_R13_seed150101013.npz
50,10,10,14,150101014,P50_N010_M010_R14_seed150101014.npz
50,10,10,15,150101015,P50_N010_M010_R15_seed150101015.npz
50,10,10,16,150101016,P50_N010_M010_R16_seed150101016.npz
50,10,10,17,150101017,P50_N010_M010_R17_seed150101017.npz
50,10,10,18,150101018,P50_N010_M010_R18_seed150101018.npz
50,10,10,19,150101019,P50_N010_M010_R19_seed150101019.npz
50,10,10,20,150101020,P50_N010_M010_R20_seed150101020.npz
50,10,10,21,150101021,P50_N010_M010_R21_seed150101021.npz
50,10,10,22,150101022,P50_N010_M010_R22_seed150101022.npz
50,10,10,23,150101023,P50_N010_M010_R23_seed150101023.npz
50,10,10,24,150101024,P50_N010_M010_R24_seed150101024.npz
50,10,10,25,150101025,P50_N010_M010_R25_seed150101025.npz
50,10,10,26,150101026,P50_N010_M010_R26_seed150101026.npz
50,10,10,27,150101027,P50_N010_M010_R27_seed150101027.npz
50,10,10,28,150101028,P50_N010_M010_R28_seed150101028.npz
50,10,10,29,150101029,P50_N010_M010_R29_seed150101029.npz
50,10,10,30,150101030,P50_N010_M010_R30_seed150101030.npz
50,10,20,1,150102001,P50_N010_M020_R01_seed150102001.npz
50,10,20,2,150102002,P50_N010_M020_R02_seed150102002.npz
50,10,20,3,150102003,P50_N010_M020_R03_seed150102003.npz
50,10,20,4,150102004,P50_N010_M020_R04_seed150102004.npz
50,10,20,5,150102005,P50_N010_M020_R05_seed150102005.npz
50,10,20,6,150102006,P50_N010_M020_R06_seed150102006.npz
50,10,20,7,150102007,P50_N010_M020_R07_seed150102007.npz
50,10,20,8,150102008,P50_N010_M020_R08_seed150102008.npz
50,10,20,9,150102009,P50_N010_M020_R09_seed150102009.npz
50,10,20,10,150102010,P50_N010_M020_R10_seed150102010.npz
50,10,20,11,150102011,P50_N010_M020_R11_seed150102011.npz
50,10,20,12,150102012,P50_N010_M020_R12_seed150102012.npz
50,10,20,13,150102013,P50_N010_M020_R13_seed150102013.npz
50,10,20,14,150102014,P50_N010_M020_R14_seed150102014.npz
50,10,20,15,150102015,P50_N010_M020_R15_seed150102015.npz
50,10,20,16,150102016,P50_N010_M020_R16_seed150102016.npz
50,10,20,17,150102017,P50_N010_M020_R17_seed150102017.npz
50,10,20,18,150102018,P50_N010_M020_R18_seed150102018.npz
50,10,20,19,150102019,P50_N010_M020_R19_seed150102019.npz
50,10,20,20,150102020,P50_N010_M020_R20_seed150102020.npz
50,10,20,21,150102021,P50_N010_M020_R21_seed150102021.npz
50,10,20,22,150102022,P50_N010_M020_R22_seed150102022.npz
50,10,20,23,150102023,P50_N010_M020_R23_seed150102023.npz
50,10,20,24,150102024,P50_N010_M020_R24_seed150102024.npz
50,10,20,25,150102025,P50_N010_M020_R25_seed150102025.npz
50,10,20,26,150102026,P50_N010_M020_R26_seed150102026.npz
50,10,20,27,150102027,P50_N010_M020_R27_seed150102027.npz
50,10,20,28,150102028,P50_N010_M020_R28_seed150102028.npz
50,10,20,29,150102029,P50_N010_M020_R29_seed150102029.npz
50,10,20,30,150102030,P50_N010_M020_R30_seed150102030.npz
50,10,30,1,150103001,P50_N010_M030_R01_seed150103001.npz
50,10,30,2,150103002,P50_N010_M030_R02_seed150103002.npz
50,10,30,3,150103003,P50_N010_M030_R03_seed150103003.npz
50,10,30,4,150103004,P50_N010_M030_R04_seed150103004.npz
50,10,30,5,150103005,P50_N010_M030_R05_seed150103005.npz
50,10,30,6,150103006,P50_N010_M030_R06_seed150103006.npz
50,10,30,7,150103007,P50_N010_M030_R07_seed150103007.npz
50,10,30,8,150103008,P50_N010_M030_R08_seed150103008.npz
50,10,30,9,150103009,P50_N010_M030_R09_seed150103009.npz
50,10,30,10,150103010,P50_N010_M030_R10_seed150103010.npz
50,10,30,11,150103011,P50_N010_M030_R11_seed150103011.npz
50,10,30,12,150103012,P50_N010_M030_R12_seed150103012.npz
50,10,30,13,150103013,P50_N010_M030_R13_seed150103013.npz
50,10,30,14,150103014,P50_N010_M030_R14_seed150103014.npz
50,10,30,15,150103015,P50_N010_M030_R15_seed150103015.npz
50,10,30,16,150103016,P50_N010_M030_R16_seed150103016.npz
50,10,30,17,150103017,P50_N010_M030_R17_seed150103017.npz
50,10,30,18,150103018,P50_N010_M030_R18_seed150103018.npz
50,10,30,19,150103019,P50_N010_M030_R19_seed150103019.npz
50,10,30,20,150103020,P50_N010_M030_R20_seed150103020.npz
50,10,30,21,150103021,P50_N010_M030_R21_seed150103021.npz
50,10,30,22,150103022,P50_N010_M030_R22_seed150103022.npz
50,10,30,23,150103023,P50_N010_M030_R23_seed150103023.npz
50,10,30,24,150103024,P50_N010_M030_R24_seed150103024.npz
50,10,30,25,150103025,P50_N010_M030_R25_seed150103025.npz
50,10,30,26,150103026,P50_N010_M030_R26_seed150103026.npz
50,10,30,27,150103027,P50_N010_M030_R27_seed150103027.npz
50,10,30,28,150103028,P50_N010_M030_R28_seed150103028.npz
50,10,30,29,150103029,P50_N010_M030_R29_seed150103029.npz
50,10,30,30,150103030,P50_N010_M030_R30_seed150103030.npz
50,10,50,1,150105001,P50_N010_M050_R01_seed150105001.npz
50,10,50,2,150105002,P50_N010_M050_R02_seed150105002.npz
50,10,50,3,150105003,P50_N010_M050_R03_seed150105003.npz
50,10,50,4,150105004,P50_N010_M050_R04_seed150105004.npz
50,10,50,5,150105005,P50_N010_M050_R05_seed150105005.npz
50,10,50,6,150105006,P50_N010_M050_R06_seed150105006.npz
50,10,50,7,150105007,P50_N010_M050_R07_seed150105007.npz
50,10,50,8,150105008,P50_N010_M050_R08_seed150105008.npz
50,10,50,9,150105009,P50_N010_M050_R09_seed150105009.npz
50,10,50,10,150105010,P50_N010_M050_R10_seed150105010.npz
50,10,50,11,150105011,P50_N010_M050_R11_seed150105011.npz
50,10,50,12,150105012,P50_N010_M050_R12_seed150105012.npz
50,10,50,13,150105013,P50_N010_M050_R13_seed150105013.npz
50,10,50,14,150105014,P50_N010_M050_R14_seed150105014.npz
50,10,50,15,150105015,P50_N010_M050_R15_seed150105015.npz
50,10,50,16,150105016,P50_N010_M050_R16_seed150105016.npz
50,10,50,17,150105017,P50_N010_M050_R17_seed150105017.npz
50,10,50,18,150105018,P50_N010_M050_R18_seed150105018.npz
50,10,50,19,150105019,P50_N010_M050_R19_seed150105019.npz
50,10,50,20,150105020,P50_N010_M050_R20_seed150105020.npz
50,10,50,21,150105021,P50_N010_M050_R21_seed150105021.npz
50,10,50,22,150105022,P50_N010_M050_R22_seed150105022.npz
50,10,50,23,150105023,P50_N010_M050_R23_seed150105023.npz
50,10,50,24,150105024,P50_N010_M050_R24_seed150105024.npz
50,10,50,25,150105025,P50_N010_M050_R25_seed150105025.npz
50,10,50,26,150105026,P50_N010_M050_R26_seed150105026.npz
50,10,50,27,150105027,P50_N010_M050_R27_seed150105027.npz
50,10,50,28,150105028,P50_N010_M050_R28_seed150105028.npz
50,10,50,29,150105029,P50_N010_M050_R29_seed150105029.npz
50,10,50,30,150105030,P50_N010_M050_R30_seed150105030.npz
50,20,10,1,150201001,P50_N020_M010_R01_seed150201001.npz
50,20,10,2,150201002,P50_N020_M010_R02_seed150201002.npz
50,20,10,3,150201003,P50_N020_M010_R03_seed150201003.npz
50,20,10,4,150201004,P50_N020_M010_R04_seed150201004.npz
50,20,10,5,150201005,P50_N020_M010_R05_seed150201005.npz
50,20,10,6,150201006,P50_N020_M010_R06_seed150201006.npz
50,20,10,7,150201007,P50_N020_M010_R07_seed150201007.npz
50,20,10,8,150201008,P50_N020_M010_R08_seed150201008.npz
50,20,10,9,150201009,P50_N020_M010_R09_seed150201009.npz
50,20,10,10,150201010,P50_N020_M010_R10_seed150201010.npz
50,20,10,11,150201011,P50_N020_M010_R11_seed150201011.npz
50,20,10,12,150201012,P50_N020_M010_R12_seed150201012.npz
50,20,10,13,150201013,P50_N020_M010_R13_seed150201013.npz
50,20,10,14,150201014,P50_N020_M010_R14_seed150201014.npz
50,20,10,15,150201015,P50_N020_M010_R15_seed150201015.npz
50,20,10,16,150201016,P50_N020_M010_R16_seed150201016.npz
50,20,10,17,150201017,P50_N020_M010_R17_seed150201017.npz
50,20,10,18,150201018,P50_N020_M010_R18_seed150201018.npz
50,20,10,19,150201019,P50_N020_M010_R19_seed150201019.npz
50,20,10,20,150201020,P50_N020_M010_R20_seed150201020.npz
50,20,10,21,150201021,P50_N020_M010_R21_seed150201021.npz
50,20,10,22,150201022,P50_N020_M010_R22_seed150201022.npz
50,20,10,23,150201023,P50_N020_M010_R23_seed150201023.npz
50,20,10,24,150201024,P50_N020_M010_R24_seed150201024.npz
50,20,10,25,150201025,P50_N020_M010_R25_seed150201025.npz
50,20,10,26,150201026,P50_N020_M010_R26_seed150201026.npz
50,20,10,27,150201027,P50_N020_M010_R27_seed150201027.npz
50,20,10,28,150201028,P50_N020_M010_R28_seed150201028.npz
50,20,10,29,150201029,P50_N020_M010_R29_seed150201029.npz
50,20,10,30,150201030,P50_N020_M010_R30_seed150201030.npz
50,20,20,1,150202001,P50_N020_M020_R01_seed150202001.npz
50,20,20,2,150202002,P50_N020_M020_R02_seed150202002.npz
50,20,20,3,150202003,P50_N020_M020_R03_seed150202003.npz
50,20,20,4,150202004,P50_N020_M020_R04_seed150202004.npz
50,20,20,5,150202005,P50_N020_M020_R05_seed150202005.npz
50,20,20,6,150202006,P50_N020_M020_R06_seed150202006.npz
50,20,20,7,150202007,P50_N020_M020_R07_seed150202007.npz
50,20,20,8,150202008,P50_N020_M020_R08_seed150202008.npz
50,20,20,9,150202009,P50_N020_M020_R09_seed150202009.npz
50,20,20,10,150202010,P50_N020_M020_R10_seed150202010.npz
50,20,20,11,150202011,P50_N020_M020_R11_seed150202011.npz
50,20,20,12,150202012,P50_N020_M020_R12_seed150202012.npz
50,20,20,13,150202013,P50_N020_M020_R13_seed150202013.npz
50,20,20,14,150202014,P50_N020_M020_R14_seed150202014.npz
50,20,20,15,150202015,P50_N020_M020_R15_seed150202015.npz
50,20,20,16,150202016,P50_N020_M020_R16_seed150202016.npz
50,20,20,17,150202017,P50_N020_M020_R17_seed150202017.npz
50,20,20,18,150202018,P50_N020_M020_R18_seed150202018.npz
50,20,20,19,150202019,P50_N020_M020_R19_seed150202019.npz
50,20,20,20,150202020,P50_N020_M020_R20_seed150202020.npz
50,20,20,21,150202021,P50_N020_M020_R21_seed150202021.npz
50,20,20,22,150202022,P50_N020_M020_R22_seed150202022.npz
50,20,20,23,150202023,P50_N020_M020_R23_seed150202023.npz
50,20,20,24,150202024,P50_N020_M020_R24_seed150202024.npz
50,20,20,25,150202025,P50_N020_M020_R25_seed150202025.npz
50,20,20,26,150202026,P50_N020_M020_R26_seed150202026.npz
50,20,20,27,150202027,P50_N020_M020_R27_seed150202027.npz
50,20,20,28,150202028,P50_N020_M020_R28_seed150202028.npz
50,20,20,29,150202029,P50_N020_M020_R29_seed150202029.npz
50,20,20,30,150202030,P50_N020_M020_R30_seed150202030.npz
50,20,30,1,150203001,P50_N020_M030_R01_seed150203001.npz
50,20,30,2,150203002,P50_N020_M030_R02_seed150203002.npz
50,20,30,3,150203003,P50_N020_M030_R03_seed150203003.npz
50,20,30,4,150203004,P50_N020_M030_R04_seed150203004.npz
50,20,30,5,150203005,P50_N020_M030_R05_seed150203005.npz
50,20,30,6,150203006,P50_N020_M030_R06_seed150203006.npz
50,20,30,7,150203007,P50_N020_M030_R07_seed150203007.npz
50,20,30,8,150203008,P50_N020_M030_R08_seed150203008.npz
50,20,30,9,150203009,P50_N020_M030_R09_seed150203009.npz
50,20,30,10,150203010,P50_N020_M030_R10_seed150203010.npz
50,20,30,11,150203011,P50_N020_M030_R11_seed150203011.npz
50,20,30,12,150203012,P50_N020_M030_R12_seed150203012.npz
50,20,30,13,150203013,P50_N020_M030_R13_seed150203013.npz
50,20,30,14,150203014,P50_N020_M030_R14_seed150203014.npz
50,20,30,15,150203015,P50_N020_M030_R15_seed150203015.npz
50,20,30,16,150203016,P50_N020_M030_R16_seed150203016.npz
50,20,30,17,150203017,P50_N020_M030_R17_seed150203017.npz
50,20,30,18,150203018,P50_N020_M030_R18_seed150203018.npz
50,20,30,19,150203019,P50_N020_M030_R19_seed150203019.npz
50,20,30,20,150203020,P50_N020_M030_R20_seed150203020.npz
50,20,30,21,150203021,P50_N020_M030_R21_seed150203021.npz
50,20,30,22,150203022,P50_N020_M030_R22_seed150203022.npz
50,20,30,23,150203023,P50_N020_M030_R23_seed150203023.npz
50,20,30,24,150203024,P50_N020_M030_R24_seed150203024.npz
50,20,30,25,150203025,P50_N020_M030_R25_seed150203025.npz
50,20,30,26,150203026,P50_N020_M030_R26_seed150203026.npz
50,20,30,27,150203027,P50_N020_M030_R27_seed150203027.npz
50,20,30,28,150203028,P50_N020_M030_R28_seed150203028.npz
50,20,30,29,150203029,P50_N020_M030_R29_seed150203029.npz
50,20,30,30,150203030,P50_N020_M030_R30_seed150203030.npz
50,20,50,1,150205001,P50_N020_M050_R01_seed150205001.npz
50,20,50,2,150205002,P50_N020_M050_R02_seed150205002.npz
50,20,50,3,150205003,P50_N020_M050_R03_seed150205003.npz
50,20,50,4,150205004,P50_N020_M050_R04_seed150205004.npz
50,20,50,5,150205005,P50_N020_M050_R05_seed150205005.npz
50,20,50,6,150205006,P50_N020_M050_R06_seed150205006.npz
50,20,50,7,150205007,P50_N020_M050_R07_seed150205007.npz
50,20,50,8,150205008,P50_N020_M050_R08_seed150205008.npz
50,20,50,9,150205009,P50_N020_M050_R09_seed150205009.npz
50,20,50,10,150205010,P50_N020_M050_R10_seed150205010.npz
50,20,50,11,150205011,P50_N020_M050_R11_seed150205011.npz
50,20,50,12,150205012,P50_N020_M050_R12_seed150205012.npz
50,20,50,13,150205013,P50_N020_M050_R13_seed150205013.npz
50,20,50,14,150205014,P50_N020_M050_R14_seed150205014.npz
50,20,50,15,150205015,P50_N020_M050_R15_seed150205015.npz
50,20,50,16,150205016,P50_N020_M050_R16_seed150205016.npz
50,20,50,17,150205017,P50_N020_M050_R17_seed150205017.npz
50,20,50,18,150205018,P50_N020_M050_R18_seed150205018.npz
50,20,50,19,150205019,P50_N020_M050_R19_seed150205019.npz
50,20,50,20,150205020,P50_N020_M050_R20_seed150205020.npz
50,20,50,21,150205021,P50_N020_M050_R21_seed150205021.npz
50,20,50,22,150205022,P50_N020_M050_R22_seed150205022.npz
50,20,50,23,150205023,P50_N020_M050_R23_seed150205023.npz
50,20,50,24,150205024,P50_N020_M050_R24_seed150205024.npz
50,20,50,25,150205025,P50_N020_M050_R25_seed150205025.npz
50,20,50,26,150205026,P50_N020_M050_R26_seed150205026.npz
50,20,50,27,150205027,P50_N020_M050_R27_seed150205027.npz
50,20,50,28,150205028,P50_N020_M050_R28_seed150205028.npz
50,20,50,29,150205029,P50_N020_M050_R29_seed150205029.npz
50,20,50,30,150205030,P50_N020_M050_R30_seed150205030.npz
50,50,10,1,150501001,P50_N050_M010_R01_seed150501001.npz
50,50,10,2,150501002,P50_N050_M010_R02_seed150501002.npz
50,50,10,3,150501003,P50_N050_M010_R03_seed150501003.npz
50,50,10,4,150501004,P50_N050_M010_R04_seed150501004.npz
50,50,10,5,150501005,P50_N050_M010_R05_seed150501005.npz
50,50,10,6,150501006,P50_N050_M010_R06_seed150501006.npz
50,50,10,7,150501007,P50_N050_M010_R07_seed150501007.npz
50,50,10,8,150501008,P50_N050_M010_R08_seed150501008.npz
50,50,10,9,150501009,P50_N050_M010_R09_seed150501009.npz
50,50,10,10,150501010,P50_N050_M010_R10_seed150501010.npz
50,50,10,11,150501011,P50_N050_M010_R11_seed150501011.npz
50,50,10,12,150501012,P50_N050_M010_R12_seed150501012.npz
50,50,10,13,150501013,P50_N050_M010_R13_seed150501013.npz
50,50,10,14,150501014,P50_N050_M010_R14_seed150501014.npz
50,50,10,15,150501015,P50_N050_M010_R15_seed150501015.npz
50,50,10,16,150501016,P50_N050_M010_R16_seed150501016.npz
50,50,10,17,150501017,P50_N050_M010_R17_seed150501017.npz
50,50,10,18,150501018,P50_N050_M010_R18_seed150501018.npz
50,50,10,19,150501019,P50_N050_M010_R19_seed150501019.npz
50,50,10,20,150501020,P50_N050_M010_R20_seed150501020.npz
50,50,10,21,150501021,P50_N050_M010_R21_seed150501021.npz
50,50,10,22,150501022,P50_N050_M010_R22_seed150501022.npz
50,50,10,23,150501023,P50_N050_M010_R23_seed150501023.npz
50,50,10,24,150501024,P50_N050_M010_R24_seed150501024.npz
50,50,10,25,150501025,P50_N050_M010_R25_seed150501025.npz
50,50,10,26,150501026,P50_N050_M010_R26_seed150501026.npz
50,50,10,27,150501027,P50_N050_M010_R27_seed150501027.npz
50,50,10,28,150501028,P50_N050_M010_R28_seed150501028.npz
50,50,10,29,150501029,P50_N050_M010_R29_seed150501029.npz
50,50,10,30,150501030,P50_N050_M010_R30_seed150501030.npz
50,50,20,1,150502001,P50_N050_M020_R01_seed150502001.npz
50,50,20,2,150502002,P50_N050_M020_R02_seed150502002.npz
50,50,20,3,150502003,P50_N050_M020_R03_seed150502003.npz
50,50,20,4,150502004,P50_N050_M020_R04_seed150502004.npz
50,50,20,5,150502005,P50_N050_M020_R05_seed150502005.npz
50,50,20,6,150502006,P50_N050_M020_R06_seed150502006.npz
50,50,20,7,150502007,P50_N050_M020_R07_seed150502007.npz
50,50,20,8,150502008,P50_N050_M020_R08_seed150502008.npz
50,50,20,9,150502009,P50_N050_M020_R09_seed150502009.npz
50,50,20,10,150502010,P50_N050_M020_R10_seed150502010.npz
50,50,20,11,150502011,P50_N050_M020_R11_seed150502011.npz
50,50,20,12,150502012,P50_N050_M020_R12_seed150502012.npz
50,50,20,13,150502013,P50_N050_M020_R13_seed150502013.npz
50,50,20,14,150502014,P50_N050_M020_R14_seed150502014.npz
50,50,20,15,150502015,P50_N050_M020_R15_seed150502015.npz
50,50,20,16,150502016,P50_N050_M020_R16_seed150502016.npz
50,50,20,17,150502017,P50_N050_M020_R17_seed150502017.npz
50,50,20,18,150502018,P50_N050_M020_R18_seed150502018.npz
50,50,20,19,150502019,P50_N050_M020_R19_seed150502019.npz
50,50,20,20,150502020,P50_N050_M020_R20_seed150502020.npz
50,50,20,21,150502021,P50_N050_M020_R21_seed150502021.npz
50,50,20,22,150502022,P50_N050_M020_R22_seed150502022.npz
50,50,20,23,150502023,P50_N050_M020_R23_seed150502023.npz
50,50,20,24,150502024,P50_N050_M020_R24_seed150502024.npz
50,50,20,25,150502025,P50_N050_M020_R25_seed150502025.npz
50,50,20,26,150502026,P50_N050_M020_R26_seed150502026.npz
50,50,20,27,150502027,P50_N050_M020_R27_seed150502027.npz
50,50,20,28,150502028,P50_N050_M020_R28_seed150502028.npz
50,50,20,29,150502029,P50_N050_M020_R29_seed150502029.npz
50,50,20,30,150502030,P50_N050_M020_R30_seed150502030.npz
50,50,30,1,150503001,P50_N050_M030_R01_seed150503001.npz
50,50,30,2,150503002,P50_N050_M030_R02_seed150503002.npz
50,50,30,3,150503003,P50_N050_M030_R03_seed150503003.npz
50,50,30,4,150503004,P50_N050_M030_R04_seed150503004.npz
50,50,30,5,150503005,P50_N050_M030_R05_seed150503005.npz
50,50,30,6,150503006,P50_N050_M030_R06_seed150503006.npz
50,50,30,7,150503007,P50_N050_M030_R07_seed150503007.npz
50,50,30,8,150503008,P50_N050_M030_R08_seed150503008.npz
50,50,30,9,150503009,P50_N050_M030_R09_seed150503009.npz
50,50,30,10,150503010,P50_N050_M030_R10_seed150503010.npz
50,50,30,11,150503011,P50_N050_M030_R11_seed150503011.npz
50,50,30,12,150503012,P50_N050_M030_R12_seed150503012.npz
50,50,30,13,150503013,P50_N050_M030_R13_seed150503013.npz
50,50,30,14,150503014,P50_N050_M030_R14_seed150503014.npz
50,50,30,15,150503015,P50_N050_M030_R15_seed150503015.npz
50,50,30,16,150503016,P50_N050_M030_R16_seed150503016.npz
50,50,30,17,150503017,P50_N050_M030_R17_seed150503017.npz
50,50,30,18,150503018,P50_N050_M030_R18_seed150503018.npz
50,50,30,19,150503019,P50_N050_M030_R19_seed150503019.npz
50,50,30,20,150503020,P50_N050_M030_R20_seed150503020.npz
50,50,30,21,150503021,P50_N050_M030_R21_seed150503021.npz
50,50,30,22,150503022,P50_N050_M030_R22_seed150503022.npz
50,50,30,23,150503023,P50_N050_M030_R23_seed150503023.npz
50,50,30,24,150503024,P50_N050_M030_R24_seed150503024.npz
50,50,30,25,150503025,P50_N050_M030_R25_seed150503025.npz
50,50,30,26,150503026,P50_N050_M030_R26_seed150503026.npz
50,50,30,27,150503027,P50_N050_M030_R27_seed150503027.npz
50,50,30,28,150503028,P50_N050_M030_R28_seed150503028.npz
50,50,30,29,150503029,P50_N050_M030_R29_seed150503029.npz
50,50,30,30,150503030,P50_N050_M030_R30_seed150503030.npz
50,50,50,1,150505001,P50_N050_M050_R01_seed150505001.npz
50,50,50,2,150505002,P50_N050_M050_R02_seed150505002.npz
50,50,50,3,150505003,P50_N050_M050_R03_seed150505003.npz
50,50,50,4,150505004,P50_N050_M050_R04_seed150505004.npz
50,50,50,5,150505005,P50_N050_M050_R05_seed150505005.npz
50,50,50,6,150505006,P50_N050_M050_R06_seed150505006.npz
50,50,50,7,150505007,P50_N050_M050_R07_seed150505007.npz
50,50,50,8,150505008,P50_N050_M050_R08_seed150505008.npz
50,50,50,9,150505009,P50_N050_M050_R09_seed150505009.npz
50,50,50,10,150505010,P50_N050_M050_R10_seed150505010.npz
50,50,50,11,150505011,P50_N050_M050_R11_seed150505011.npz
50,50,50,12,150505012,P50_N050_M050_R12_seed150505012.npz
50,50,50,13,150505013,P50_N050_M050_R13_seed150505013.npz
50,50,50,14,150505014,P50_N050_M050_R14_seed150505014.npz
50,50,50,15,150505015,P50_N050_M050_R15_seed150505015.npz
50,50,50,16,150505016,P50_N050_M050_R16_seed150505016.npz
50,50,50,17,150505017,P50_N050_M050_R17_seed150505017.npz
50,50,50,18,150505018,P50_N050_M050_R18_seed150505018.npz
50,50,50,19,150505019,P50_N050_M050_R19_seed150505019.npz
50,50,50,20,150505020,P50_N050_M050_R20_seed150505020.npz
50,50,50,21,150505021,P50_N050_M050_R21_seed150505021.npz
50,50,50,22,150505022,P50_N050_M050_R22_seed150505022.npz
50,50,50,23,150505023,P50_N050_M050_R23_seed150505023.npz
50,50,50,24,150505024,P50_N050_M050_R24_seed150505024.npz
50,50,50,25,150505025,P50_N050_M050_R25_seed150505025.npz
50,50,50,26,150505026,P50_N050_M050_R26_seed150505026.npz
50,50,50,27,150505027,P50_N050_M050_R27_seed150505027.npz
50,50,50,28,150505028,P50_N050_M050_R28_seed150505028.npz
50,50,50,29,150505029,P50_N050_M050_R29_seed150505029.npz
50,50,50,30,150505030,P50_N050_M050_R30_seed150505030.npz
